"kind","id","name","type","sourceName","group","url","ok","titleOk","posterOk","playOk","qualityOk","qualityLabel","maxHeight","maxBandwidth","variants","status","playStatus","elapsedMs","error"
"source","all-on-demand-sources-豆瓣资源-https-dbzy-tv-api-php-provide-vod-2","豆瓣资源｜追劇","1","","","https://dbzy.tv/api.php/provide/vod/","true","","","","","","","","","200","","1257",""
"source","all-on-demand-sources-天涯资源-https-tyyszy-com-api-php-provide-vod-3","天涯资源｜追劇","1","","","https://tyyszy.com/api.php/provide/vod/","true","","","","","","","","","200","","216",""
"source","all-on-demand-sources-黑料资源-https-www-heiliaozyapi-com-api-php-provide-vod-57","黑料资源｜追劇","1","","","https://www.heiliaozyapi.com/api.php/provide/vod/","true","","","","","","","","","200","","1230",""
"source","all-on-demand-sources-精品资源-https-www-jingpinx-com-api-php-provide-vod-60","精品资源｜追劇","1","","","https://www.jingpinx.com/api.php/provide/vod/","true","","","","","","","","","200","","819",""
"source","all-on-demand-sources-155-资源-https-155api-com-api-php-provide-vod-6","155-资源｜追劇","1","","","https://155api.com/api.php/provide/vod/","true","","","","","","","","","200","","250",""
"source","all-on-demand-sources-茅台资源-https-caiji-maotaizy-cc-api-php-provide-vod-3","茅台资源｜追劇","1","","","https://caiji.maotaizy.cc/api.php/provide/vod/","true","","","","","","","","","200","","939",""
"source","all-on-demand-sources-ikun资源-https-ikunzyapi-com-api-php-provide-vod-5","iKun资源｜追劇","1","","","https://ikunzyapi.com/api.php/provide/vod/","true","","","","","","","","","200","","577",""
"source","all-on-demand-sources-电影天堂-http-caiji-dyttzyapi-com-api-php-provide-vod-6","电影天堂｜追劇","1","","","http://caiji.dyttzyapi.com/api.php/provide/vod/","true","","","","","","","","","200","","522",""
"source","all-on-demand-sources-猫眼资源-https-api-maoyanapi-top-api-php-provide-vod-7","猫眼资源｜追劇","1","","","https://api.maoyanapi.top/api.php/provide/vod/","true","","","","","","","","","200","","890",""
"source","all-on-demand-sources-量子资源-https-cj-lzcaiji-com-api-php-provide-vod-8","量子资源｜追劇","1","","","https://cj.lzcaiji.com/api.php/provide/vod/","true","","","","","","","","","200","","388",""
"source","all-on-demand-sources-360资源-https-360zyzz-com-api-php-provide-vod-9","360 资源｜追劇","1","","","https://360zyzz.com/api.php/provide/vod/","true","","","","","","","","","200","","540",""
"source","current-vod-url-极速资源-https-jszyapi-com-api-php-provide-vod-13","极速资源｜追劇","1","","","https://jszyapi.com/api.php/provide/vod/","true","","","","","","","","","200","","270",""
"source","all-on-demand-sources-魔都资源-https-www-mdzyapi-com-api-php-provide-vod-11","魔都资源｜追劇","1","","","https://www.mdzyapi.com/api.php/provide/vod/","true","","","","","","","","","200","","802",""
"source","all-on-demand-sources-非凡资源-https-api-ffzyapi-com-api-php-provide-vod-12","非凡资源｜追劇","1","","","https://api.ffzyapi.com/api.php/provide/vod/","true","","","","","","","","","200","","244",""
"source","all-on-demand-sources-暴风资源-https-bfzyapi-com-api-php-provide-vod-13","暴风资源｜追劇","1","","","https://bfzyapi.com/api.php/provide/vod/","true","","","","","","","","","200","","519",""
"source","all-on-demand-sources-最大资源-https-api-zuidapi-com-api-php-provide-vod-14","最大资源｜追劇","1","","","https://api.zuidapi.com/api.php/provide/vod/","true","","","","","","","","","200","","267",""
"source","all-on-demand-sources-无尽资源-https-api-wujinapi-me-api-php-provide-vod-15","无尽资源｜追劇","1","","","https://api.wujinapi.me/api.php/provide/vod/","true","","","","","","","","","200","","136",""
"source","all-on-demand-sources-新浪资源-https-api-xinlangapi-com-xinlangapi-php-provide-vod-16","新浪资源｜追劇","1","","","https://api.xinlangapi.com/xinlangapi.php/provide/vod/","true","","","","","","","","","200","","188",""
"source","all-on-demand-sources-速播资源-https-subocaiji-com-api-php-provide-vod-18","速播资源｜追劇","1","","","https://subocaiji.com/api.php/provide/vod/","true","","","","","","","","","200","","602",""
"source","all-on-demand-sources-u酷影视-https-api-ukuapi88-com-api-php-provide-vod-21","U酷影视｜追劇","1","","","https://api.ukuapi88.com/api.php/provide/vod/","true","","","","","","","","","200","","321",""
"source","all-on-demand-sources-光速资源-https-api-guangsuapi-com-api-php-provide-vod-22","光速资源｜追劇","1","","","https://api.guangsuapi.com/api.php/provide/vod/","true","","","","","","","","","200","","204",""
"source","all-on-demand-sources-红牛资源-https-www-hongniuzy2-com-api-php-provide-vod-23","红牛资源｜追劇","1","","","https://www.hongniuzy2.com/api.php/provide/vod/","true","","","","","","","","","200","","238",""
"source","all-on-demand-sources-魔都动漫-https-caiji-moduapi-cc-api-php-provide-vod-24","魔都动漫｜追劇","1","","","https://caiji.moduapi.cc/api.php/provide/vod/","true","","","","","","","","","200","","284",""
"source","all-on-demand-sources-如意资源-https-pz-v88-qzz-io-url-https-cj-rycjapi-com-api-php-provide-vod-25","如意资源｜追劇","1","","","https://pz.v88.qzz.io/?url=https://cj.rycjapi.com/api.php/provide/vod","true","","","","","","","","","200","","1463",""
"source","all-on-demand-sources-量子影视-https-cj-lziapi-com-api-php-provide-vod-29","量子影视｜追劇","1","","","https://cj.lziapi.com/api.php/provide/vod/","true","","","","","","","","","200","","367",""
"source","all-on-demand-sources-最大点播-https-zuidazy-me-api-php-provide-vod-30","最大点播｜追劇","1","","","https://zuidazy.me/api.php/provide/vod/","true","","","","","","","","","200","","274",""
"source","all-on-demand-sources-无尽影视-https-api-wujinapi-com-api-php-provide-vod-31","无尽影视｜追劇","1","","","https://api.wujinapi.com/api.php/provide/vod/","true","","","","","","","","","200","","242",""
"source","all-on-demand-sources-优质资源-https-api-yzzy-api-com-inc-apijson-php-33","优质资源｜追劇","1","","","https://api.yzzy-api.com/inc/apijson.php","true","","","","","","","","","200","","603",""
"source","all-on-demand-sources-虎牙资源-https-www-huyaapi-com-api-php-provide-vod-34","虎牙资源｜追劇","1","","","https://www.huyaapi.com/api.php/provide/vod/","true","","","","","","","","","200","","127",""
"source","all-on-demand-sources-鸭鸭资源-https-cj-yayazy-net-api-php-provide-vod-35","鸭鸭资源｜追劇","1","","","https://cj.yayazy.net/api.php/provide/vod/","true","","","","","","","","","200","","214",""
"source","all-on-demand-sources-索尼资源-https-suoniapi-com-api-php-provide-vod-36","索尼资源｜追劇","1","","","https://suoniapi.com/api.php/provide/vod/","true","","","","","","","","","200","","54",""
"source","all-on-demand-sources-快车资源-https-caiji-kuaichezy-org-api-php-provide-vod-37","快车资源｜追劇","1","","","https://caiji.kuaichezy.org/api.php/provide/vod/","true","","","","","","","","","200","","222",""
"source","all-on-demand-sources-闪电资源-https-xsd-sdzyapi-com-api-php-provide-vod-38","闪电资源｜追劇","1","","","https://xsd.sdzyapi.com/api.php/provide/vod/","true","","","","","","","","","200","","234",""
"source","all-on-demand-sources-樱花资源-https-m3u8-apiyhzy-com-api-php-provide-vod-39","樱花资源｜追劇","1","","","https://m3u8.apiyhzy.com/api.php/provide/vod/","true","","","","","","","","","200","","331",""
"source","all-on-demand-sources-麻豆视频-https-91md-me-api-php-provide-vod-40","麻豆视频｜追劇","1","","","https://91md.me/api.php/provide/vod/","true","","","","","","","","","200","","1015",""
"source","all-on-demand-sources-玉兔资源-https-apiyutu-com-api-php-provide-vod-43","玉兔资源｜追劇","1","","","https://apiyutu.com/api.php/provide/vod/","true","","","","","","","","","200","","141",""
"source","all-on-demand-sources-番号资源-http-fhapi9-com-api-php-provide-vod-44","番号资源｜追劇","1","","","http://fhapi9.com/api.php/provide/vod/","true","","","","","","","","","200","","641",""
"source","all-on-demand-sources-老色逼-https-apilsbzy1-com-api-php-provide-vod-45","老色逼｜追劇","1","","","https://apilsbzy1.com/api.php/provide/vod/","true","","","","","","","","","200","","346",""
"source","all-on-demand-sources-小鸡资源-https-api-xiaojizy-live-provide-vod-46","小鸡资源｜追劇","1","","","https://api.xiaojizy.live/provide/vod/","true","","","","","","","","","200","","542",""
"source","all-on-demand-sources-黄色仓库-https-hsckzy-xyz-api-php-provide-vod-47","黄色仓库｜追劇","1","","","https://hsckzy.xyz/api.php/provide/vod/","true","","","","","","","","","200","","175",""
"source","current-vod-url-大奶子-https-apidanaizi-com-api-php-provide-vod-44","大奶子｜追劇","1","","","https://apidanaizi.com/api.php/provide/vod/","true","","","","","","","","","200","","435",""
"source","all-on-demand-sources-jkun资源-https-jkunzyapi-com-api-php-provide-vod-49","jkun资源｜追劇","1","","","https://jkunzyapi.com/api.php/provide/vod/","true","","","","","","","","","200","","90",""
"source","all-on-demand-sources-乐播资源-https-lbapi9-com-api-php-provide-vod-50","乐播资源｜追劇","1","","","https://lbapi9.com/api.php/provide/vod/","true","","","","","","","","","200","","2058",""
"source","all-on-demand-sources-奶香资源-https-naixxzy-com-api-php-provide-vod-51","奶香资源｜追劇","1","","","https://Naixxzy.com/api.php/provide/vod/","true","","","","","","","","","200","","1256",""
"source","all-on-demand-sources-森林资源-https-beiyong-slapibf-com-api-php-provide-vod-52","森林资源｜追劇","1","","","https://beiyong.slapibf.com/api.php/provide/vod/","true","","","","","","","","","200","","394",""
"source","all-on-demand-sources-豆豆资源-https-api-douapi-cc-api-php-provide-vod-55","豆豆资源｜追劇","1","","","https://api.douapi.cc/api.php/provide/vod/","true","","","","","","","","","200","","637",""
"source","all-on-demand-sources-滴滴资源-https-api-ddapi-cc-api-php-provide-vod-56","滴滴资源｜追劇","1","","","https://api.ddapi.cc/api.php/provide/vod/","true","","","","","","","","","200","","645",""
"source","all-on-demand-sources-桃花资源-https-thzy1-me-api-php-provide-vod-59","桃花资源｜追劇","1","","","https://thzy1.me/api.php/provide/vod/","true","","","","","","","","","200","","1035",""
"source","all-on-demand-sources-ck-资源-https-ckzy-me-api-php-provide-vod-61","CK-资源｜追劇","1","","","https://ckzy.me/api.php/provide/vod/","true","","","","","","","","","200","","137",""
"source","all-on-demand-sources-souavzy-https-api-souavzyw-net-api-php-provide-vod-62","souavZY｜追劇","1","","","https://api.souavzyw.net/api.php/provide/vod/","true","","","","","","","","","200","","347",""
"source","all-on-demand-sources-杏吧资源-https-xingba222-com-api-php-provide-vod-67","杏吧资源｜追劇","1","","","https://xingba222.com/api.php/provide/vod/","true","","","","","","","","","200","","430",""
"source","all-on-demand-sources-大地资源-https-dadiapi-com-feifei-68","大地资源｜追劇","0","","","https://dadiapi.com/feifei","false","","","","","","","","","200","","655","XML source did not return an XML list"
"source","all-on-demand-sources-奥斯卡-https-aosikazy-com-api-php-provide-vod-70","奥斯卡｜追劇","1","","","https://aosikazy.com/api.php/provide/vod/","true","","","","","","","","","200","","327",""
"source","current-vod-url-金鹰点播-https-jyzyapi-com-provide-vod-60","金鹰点播｜追劇","1","","","https://jyzyapi.com/provide/vod/","true","","","","","","","","","200","","174",""
"source","all-on-demand-sources-鲨鱼资源-https-shayuapi-com-api-php-provide-vod-54","鲨鱼资源｜追劇","1","","","https://shayuapi.com/api.php/provide/vod/","true","","","","","","","","","200","","2057",""
"source","all-on-demand-sources-闪电影视-http-sdzyapi-com-api-php-provide-vod-77","闪电影视｜追剧","1","","","http://sdzyapi.com/api.php/provide/vod/","true","","","","","","","","","200","","293",""
"source","all-on-demand-sources-牛牛影视-https-api-niuniuzy-me-api-php-provide-vod-at-xml-78","牛牛影视｜追剧","0","","","https://api.niuniuzy.me/api.php/provide/vod/at/xml","true","","","","","","","","","200","","334",""
"source","all-on-demand-sources-雲飛影视-http-cj-lziapi-com-api-php-provide-vod-79","雲飛影视｜追劇","1","","","http://cj.lziapi.com/api.php/provide/vod/","true","","","","","","","","","200","","88",""
"source","all-on-demand-sources-火狐-https-hhzyapi-com-api-php-provide-vod-81","火狐影视｜追剧","1","","","https://hhzyapi.com/api.php/provide/vod/","true","","","","","","","","","200","","339",""
"source","all-on-demand-sources-api-如意-https-cj-rycjapi-com-api-php-provide-vod-82","如意影视｜追剧","1","","","https://cj.rycjapi.com/api.php/provide/vod/","true","","","","","","","","","200","","1316",""
"source","current-vod-url-七星短剧-https-mpimg-cn-down-php-48e9d346cdf6da376c53136693bec95a-py-71","七星丨短剧｜追劇","3","","","https://mpimg.cn/down.php/48e9d346cdf6da376c53136693bec95a.py","false","","","","","","","","","0","","8009","spider api=The operation was aborted due to timeout; ext=undefined"
"source","all-on-demand-sources-cj-360资源-https-360zy-com-api-php-provide-vod-84","360丨短剧｜追劇","1","","","https://360zy.com/api.php/provide/vod/","true","","","","","","","","","200","","861",""
"source","all-on-demand-sources-大地采集-https-dadiapi-com-apple-m3u8-php-88","大地av｜18+","0","","","https://dadiapi.com/apple_m3u8.php","true","","","","","","","","","200","","555",""
"source","all-on-demand-sources-黄色仓库-av-https-hsckzy-vip-api-php-provide-vod-89","黄色仓库(旧)｜18+","1","","","https://hsckzy.vip/api.php/provide/vod/","true","","","","","","","","","200","","461",""
"source","all-on-demand-sources-fqzy资源-https-fqzy-me-api-php-provide-vod-ac-list-90","国产资源｜18+","1","","","https://fqzy.me//api.php/provide/vod/?ac=list","true","","","","","","","","","200","","943",""
"source","current-vod-url-无水印资源-https-api-wsyzy-net-api-php-provide-vod-78","无水印资源｜追劇","1","","","https://api.wsyzy.net/api.php/provide/vod/","true","","","","","","","","","200","","332",""
"source","current-vod-url-吉吉资源-https-caiji-jjzyapi-com-api-php-provide-vod-79","吉吉资源｜追劇","1","","","https://caiji.jjzyapi.com/api.php/provide/vod/","true","","","","","","","","","200","","1381",""
"source","current-vod-url-第一资源-https-caiji-diyizy-net-api-php-provide-vod-80","第一资源｜追劇","1","","","https://caiji.diyizy.net/api.php/provide/vod/","true","","","","","","","","","200","","267",""
"source","all-on-demand-sources-美少女-https-www-msnii-com-api-json-php-64","美少女｜追劇","1","","","https://www.msnii.com/api/json.php","true","","","","","","","","","200","","606",""
"source","all-on-demand-sources-黄avzy-https-www-pgxdy-com-api-json-php-65","黄AVZY｜追劇","1","","","https://www.pgxdy.com/api/json.php","true","","","","","","","","","200","","609",""
"source","all-on-demand-sources-白嫖资源-https-www-kxgav-com-api-json-php-66","白嫖资源｜追劇","1","","","https://www.kxgav.com/api/json.php","true","","","","","","","","","200","","732",""
"source","all-on-demand-sources-辣椒资源-https-pz-v88-qzz-io-url-https-apilj-com-api-php-provide-vod-53","🔞 辣椒资源｜追劇","1","","","https://pz.v88.qzz.io/?url=https://apilj.com/api.php/provide/vod","true","","","","","","","","","200","","325",""
"source","all-on-demand-sources-豪华资源-https-pz-v88-qzz-io-url-https-hhzyapi-com-api-php-provide-vod-26","豪华资源｜追劇","1","","","https://pz.v88.qzz.io/?url=https://hhzyapi.com/api.php/provide/vod","true","","","","","","","","","200","","358",""
"source","all-on-demand-sources-金鹰点播-https-jinyingzy-com-api-php-provide-vod-19","金鹰点播｜追劇","1","","","https://jinyingzy.com/api.php/provide/vod/","true","","","","","","","","","200","","432",""
"source","all-on-demand-sources-爱奇艺-https-iqiyizyapi-com-api-php-provide-vod-1","爱奇艺｜追劇","1","","","https://iqiyizyapi.com/api.php/provide/vod/","true","","","","","","","","","200","","2275",""
"source","tvbox-细胞资源-https-www-xxibaozyw-com-api-php-provide-vod-59","细胞资源｜追劇","1","","","https://www.xxibaozyw.com/api.php/provide/vod/","false","","","","","","","","","0","","246","fetch failed"
"source","current-vod-url-香蕉资源-https-www-xiangjiaozyw-com-api-php-provide-vod-55","香蕉资源｜追劇","1","","","https://www.xiangjiaozyw.com/api.php/provide/vod/","false","","","","","","","","","0","","8002","The operation was aborted due to timeout"
"source","all-on-demand-sources-飘零资源-https-p2100-net-api-php-provide-vod-20","飘零资源｜追劇","1","","","https://p2100.net/api.php/provide/vod/","false","","","","","","","","","403","","199","Unexpected token '<', ""<!DOCTYPE ""... is not valid JSON"
"source","all-on-demand-sources-百度云zy-https-pz-v88-qzz-io-url-https-api-apibdzy-com-api-php-provide-vod-27","百度云zy｜追劇","1","","","https://pz.v88.qzz.io/?url=https://api.apibdzy.com/api.php/provide/vod","false","","","","","","","","","403","","40","Unexpected token '<', ""<!DOCTYPE ""... is not valid JSON"
"source","all-on-demand-sources-艾旦影视-https-pz-v88-qzz-io-url-https-lovedan-net-api-php-provide-vod-28","艾旦影视｜追劇","1","","","https://pz.v88.qzz.io/?url=https://lovedan.net/api.php/provide/vod","false","","","","","","","","","403","","48","Unexpected token '<', ""<!DOCTYPE ""... is not valid JSON"
"source","all-on-demand-sources-aivin-http-lbapiby-com-api-php-provide-vod-41","AIvin｜追劇","1","","","http://lbapiby.com/api.php/provide/vod/","false","","","","","","","","","502","","519","Unexpected token '<', ""<html>
<h""... is not valid JSON"
"source","all-on-demand-sources-百万资源-https-api-bwzyz-com-api-php-provide-vod-58","百万资源｜追劇","1","","","https://api.bwzyz.com/api.php/provide/vod/","false","","","","","","","","","0","","2678","fetch failed"
"poster","all-on-demand-sources-森林资源-https-beiyong-slapibf-com-api-php-provide-vod-52-290609-1","JUR_417酒吧人妻NTR「为了老公…」妻子说着为了老公，然玛丹娜木村浩之橘メアリー,わか菜ほの","adult","森林资源｜追劇","","https://sl260908.top/upload/vod/20260930-1/0e96a39c1c892a8bec4b4d6627d8573b.jpg","true","true","true","true","true","720p","720","2000000","1","200","200","80",""
"poster","all-on-demand-sources-森林资源-https-beiyong-slapibf-com-api-php-provide-vod-52-290608-1","JUR_419在学校被教导老师的裸体是「黑板」涂鸦班会玛丹娜ひむろっく椎名由奈","adult","森林资源｜追劇","","https://sl260908.top/upload/vod/20260930-1/1a8fba011752d64921a7f027d23a3a8e.jpg","true","true","true","true","true","720p","720","2000000","1","200","200","100",""
"poster","all-on-demand-sources-森林资源-https-beiyong-slapibf-com-api-php-provide-vod-52-290607-1","JUR_444对无理的丈夫上司尽心尽力的人妻兔女郎～羞涩的猥亵COSPL玛丹娜ひむろっく神宫寺奈绪","adult","森林资源｜追劇","","https://sl260908.top/upload/vod/20260930-1/630f9cb4749c44c9614157ccf585b81a.jpg","true","true","true","true","true","720p","720","2000000","1","200","200","79",""
"poster","all-on-demand-sources-森林资源-https-beiyong-slapibf-com-api-php-provide-vod-52-290606-1","JUR_423美丽的内衣、被唾液和精液玷污的偿还人妻保险业务员百野真利奈玛丹娜ひむろっくももの真利奈","adult","森林资源｜追劇","","https://sl260908.top/upload/vod/20260930-1/2e78e7aa959472fe75580a9784805ad6.jpg","true","true","true","true","true","720p","720","2000000","1","200","200","87",""
"poster","all-on-demand-sources-森林资源-https-beiyong-slapibf-com-api-php-provide-vod-52-290605-1","JUR_452寝取串刺轮奸请侵犯深爱妻子的深处。玛丹娜木村浩之三浦歩美","adult","森林资源｜追劇","","https://sl260908.top/upload/vod/20260930-1/9eca00ca1e2e66776da73a656566b8fb.jpg","true","true","true","true","true","720p","720","2000000","1","200","200","73",""
"poster","all-on-demand-sources-森林资源-https-beiyong-slapibf-com-api-php-provide-vod-52-290604-1","JUR_456随着甘甜呢喃、我直到大学留级、沉溺在与人妻窝在家做爱…。玛丹娜木村浩之日下部加奈","adult","森林资源｜追劇","","https://sl260908.top/upload/vod/20260930-1/577b9f71bce9c7a1ecd41374c99631f6.jpg","true","true","true","true","true","720p","720","2000000","1","200","200","79",""
"poster","all-on-demand-sources-森林资源-https-beiyong-slapibf-com-api-php-provide-vod-52-290603-1","JUR_424动弹不得！上班高峰200%拥挤电车里的痴汉风暴~玛丹娜ひむろっく竹内有纪","adult","森林资源｜追劇","","https://sl260908.top/upload/vod/20260930-1/dec3370e9a0ec84e6591ca61689f56de.jpg","true","true","true","true","true","720p","720","2000000","1","200","200","98",""
"poster","all-on-demand-sources-森林资源-https-beiyong-slapibf-com-api-php-provide-vod-52-290602-1","JUR_469被里民大会当作乳房自慰套的人妻～调教熟乳的中年大叔轮奸集会～玛丹娜ひむろっく风间由美","adult","森林资源｜追劇","","https://sl260908.top/upload/vod/20260930-1/6c4fa12c6136d2ff4940c4295f375d7b.jpg","true","true","true","true","true","720p","720","2000000","1","206","200","92",""
"poster","all-on-demand-sources-森林资源-https-beiyong-slapibf-com-api-php-provide-vod-52-290601-1","JUR_465和公公同居4年…这是我被无套插入，觉醒快感，直到怀孕的故事。岬光莉玛丹娜ひむろっく岬ひかり","adult","森林资源｜追劇","","https://sl260908.top/upload/vod/20260930-1/a256d4d5dc8499b5c76bf29ff34c452f.jpg","true","true","true","true","true","720p","720","2000000","1","200","200","77",""
"poster","all-on-demand-sources-森林资源-https-beiyong-slapibf-com-api-php-provide-vod-52-290600-1","JUR_467被最讨厌的男人强迫进行大喜欢紧抱…。玛丹娜ひむろっく日下部加奈","adult","森林资源｜追劇","","https://sl260908.top/upload/vod/20260930-1/6e99273e4dd2ac77422ad50085213b21.jpg","true","true","true","true","true","720p","720","2000000","1","200","200","95",""
"poster","all-on-demand-sources-森林资源-https-beiyong-slapibf-com-api-php-provide-vod-52-290599-1","JUR_416欢迎来到胸部的乐园―乳宫城！帮助了巨乳美女后，被玛丹娜真咲南朋小花暖,姬咲华,月野香澄","adult","森林资源｜追劇","","https://sl260908.top/upload/vod/20260930-1/ecca915ce2ce608b10fa744f92f44f6b.jpg","true","true","true","true","true","720p","720","2000000","1","200","200","94",""
"poster","all-on-demand-sources-森林资源-https-beiyong-slapibf-com-api-php-provide-vod-52-290598-1","JUR_449被汗水淋漓的已婚妇人压倒性的摇摆，我竟然连腰都没动一下就中出了。玛丹娜肉尊风间由美","adult","森林资源｜追劇","","https://sl260908.top/upload/vod/20260930-1/7e0fd5ab75f6e4f260949aaf45aede3d.jpg","true","true","true","true","true","720p","720","2000000","1","200","200","68",""
"poster","all-on-demand-sources-森林资源-https-beiyong-slapibf-com-api-php-provide-vod-52-290597-1","JUR_455被客户傲慢社长持续中出的出差接待。瑶真由香玛丹娜ひむろっく瑶真由香","adult","森林资源｜追劇","","https://sl260908.top/upload/vod/20260930-1/ff5c1e51b375dd990bb510e6703bf229.jpg","true","true","true","true","true","720p","720","2000000","1","200","200","83",""
"poster","all-on-demand-sources-森林资源-https-beiyong-slapibf-com-api-php-provide-vod-52-290596-1","JUR_447被介绍为健全美容沙龙的工作地点竟然是风俗美容沙龙…被下流店长玛丹娜きとるね川口推川悠里","adult","森林资源｜追劇","","https://sl260908.top/upload/vod/20260930-1/b0e7542ad64050324e19b757eca135e4.jpg","true","true","true","true","true","720p","720","2000000","1","200","200","78",""
"poster","all-on-demand-sources-森林资源-https-beiyong-slapibf-com-api-php-provide-vod-52-290595-1","JUR_460通勤路上天天被痴汉骚扰…被附近恶劣小鬼轮流欺负的N罩杯巨乳人玛丹娜富丈太郎城ヶ崎百瀬","adult","森林资源｜追劇","","https://sl260908.top/upload/vod/20260930-1/bcd7af645a0d366ffa2527bfb78719b0.jpg","true","true","true","true","true","720p","720","2000000","1","200","200","76",""
"poster","all-on-demand-sources-森林资源-https-beiyong-slapibf-com-api-php-provide-vod-52-290594-1","JUR_435无比肉感H杯艺能人电撃専属决定！与老公做爱后总是被公公接力持续玛丹娜古賀丈士七海蒂娜","adult","森林资源｜追劇","","https://sl260908.top/upload/vod/20260930-1/7efd75bcf0293032faa4fa638721bbe7.jpg","true","true","true","true","true","720p","720","2000000","1","200","200","86",""
"poster","all-on-demand-sources-森林资源-https-beiyong-slapibf-com-api-php-provide-vod-52-290593-1","JUR_446身心相性绝佳的两人。」思念」和」嘴唇」重迭的浓厚接吻泡泡浴橘玛丽玛丹娜肉尊橘メアリー","adult","森林资源｜追劇","","https://sl260908.top/upload/vod/20260930-1/ae7c646a867eb9b1126c982455754c1c.jpg","true","true","true","true","true","720p","720","2000000","1","200","200","67",""
"poster","all-on-demand-sources-森林资源-https-beiyong-slapibf-com-api-php-provide-vod-52-290592-1","JUR_450出道3周年纪念作品！！用浓厚的欲望染上Madonna专属藤环奈，性欲玛丹娜U吉藤かんな","adult","森林资源｜追劇","","https://sl260908.top/upload/vod/20260930-1/0688a62003a838d939e2d739166232dd.jpg","true","true","true","true","true","720p","720","2000000","1","200","200","66",""
"poster","all-on-demand-sources-森林资源-https-beiyong-slapibf-com-api-php-provide-vod-52-290591-1","JUR_472人质交奸24时被强盗犯持续侵犯的人质谈判员·结衣。玛丹娜真咲南朋波多野结衣,虹村ゆみ","adult","森林资源｜追劇","","https://sl260908.top/upload/vod/20260930-1/7edba2e745ea61541c3b4d263a05bcec.jpg","true","true","true","true","true","720p","720","2000000","1","200","200","32",""
"poster","all-on-demand-sources-森林资源-https-beiyong-slapibf-com-api-php-provide-vod-52-290590-1","JUR_440用浓厚舔鲍和绝伦肉棒填满流淌着爱液的淫穴叔父的逆PtoM性交玛丹娜ひむろっく市来真寻","adult","森林资源｜追劇","","https://sl260908.top/upload/vod/20260930-1/f1f30787f7d4486568ef66ce9a9985c8.jpg","true","true","true","true","true","720p","720","2000000","1","200","200","30",""
"poster","all-on-demand-sources-森林资源-https-beiyong-slapibf-com-api-php-provide-vod-52-284892-1","自拍泄密流出中国首席模特夏羲瑶与老公性爱啪啪流出","adult","森林资源｜追劇","","https://sl260908.top/upload/vod/20260824-1/706a5281b37dc1d230bda5e503068ded.jpg","true","true","true","true","true","720p","720","2000000","1","200","200","15",""
"poster","all-on-demand-sources-森林资源-https-beiyong-slapibf-com-api-php-provide-vod-52-284890-1","自拍泄密妹子舔.完棒.棒嬌羞呻.吟挨.操男友邊.看綜藝節.目邊享.受女友嬌.美肉.體真爽","adult","森林资源｜追劇","","https://sl260908.top/upload/vod/20260824-1/3691617f1cb9278eb4b164ef963cbff7.jpg","true","true","true","true","true","2276p","2276","2000000","1","200","200","29",""
"poster","all-on-demand-sources-森林资源-https-beiyong-slapibf-com-api-php-provide-vod-52-284889-1","自拍泄密流出约炮极品黑丝美女同事用按摩棒把她的白浆都给弄出来了了","adult","森林资源｜追劇","","https://sl260908.top/upload/vod/20260824-1/9772a9f3797bb029bfbb82a9ece5db67.jpg","true","true","true","true","true","720p","720","2000000","1","200","200","30",""
"poster","all-on-demand-sources-森林资源-https-beiyong-slapibf-com-api-php-provide-vod-52-284885-1","自拍泄密流出最爱玩角色扮演的妹子一下扮空姐一下当小护士勾得土豪哥哥连干两炮","adult","森林资源｜追劇","","https://sl260908.top/upload/vod/20260824-1/0e85cb688d73f6864dfb94a0f62eb6ff.jpg","true","true","true","true","true","722p","722","2000000","1","206","200","22",""
"poster","all-on-demand-sources-森林资源-https-beiyong-slapibf-com-api-php-provide-vod-52-284880-1","自拍泄密美少女白炜X被男友调教成母狗自拍做爱视频流出","adult","森林资源｜追劇","","https://sl260908.top/upload/vod/20260824-1/4e5064aa63c47e2c6611ae4ddf120613.jpg","true","true","true","true","true","1706p","1706","2000000","1","206","200","29",""
"poster","all-on-demand-sources-森林资源-https-beiyong-slapibf-com-api-php-provide-vod-52-284878-1","自拍泄密美乳小女友今天做爱好主动肉棒骑累了就用舌头奖励她的小穴","adult","森林资源｜追劇","","https://sl260908.top/upload/vod/20260824-1/701c189832e1a1bcca91abe018703bcd.jpg","true","true","true","true","true","2338p","2338","2000000","1","200","200","22",""
"poster","all-on-demand-sources-森林资源-https-beiyong-slapibf-com-api-php-provide-vod-52-284810-1","自拍泄密纹身哥酒店约炮短裙美女同事各种姿势猛操她的小嫩B完美露脸","adult","森林资源｜追劇","","https://sl260908.top/upload/vod/20260823-1/ec3a2f2e04f66cae1f6a82ea609c5fd9.jpg","true","true","true","true","true","716p","716","2000000","1","200","200","29",""
"poster","all-on-demand-sources-森林资源-https-beiyong-slapibf-com-api-php-provide-vod-52-284809-1","自拍泄密性癖特殊的中年大叔小区居民房里嫖妓自己还带着道具假屌拿着手机边拍边搞","adult","森林资源｜追劇","","https://sl260908.top/upload/vod/20260823-1/3c345d739a3f7226aecb4b424edaaeec.jpg","true","true","true","true","true","720p","720","2000000","1","200","200","27",""
"poster","all-on-demand-sources-森林资源-https-beiyong-slapibf-com-api-php-provide-vod-52-284807-1","最高端泄密那些KTV包房背后的黑幕_记录发生在包房不为人知的性趣事_爆操极品黑丝公主啪操性爱游戏","adult","森林资源｜追劇","","https://sl260908.top/upload/vod/20260823-1/7d4436ab85b2793d7751455ca081a1d7.jpg","true","true","true","true","true","720p","720","2000000","1","200","200","37",""
"poster","all-on-demand-sources-森林资源-https-beiyong-slapibf-com-api-php-provide-vod-52-284792-1","自拍泄密一顿宵夜搞到手的零零后女同事饭后酒店开房无套啪啪","adult","森林资源｜追劇","","https://sl260908.top/upload/vod/20260823-1/9c5ffc9e2329df9dcc41c560482e8511.jpg","true","true","true","true","true","2276p","2276","2000000","1","200","200","25",""
"poster","all-on-demand-sources-森林资源-https-beiyong-slapibf-com-api-php-provide-vod-52-284784-1","自拍泄密相爱两年北京大学学妹渣男友出售不雅性爱私拍视频流出","adult","森林资源｜追劇","","https://sl260908.top/upload/vod/20260823-1/289105d4132978f957d84a8f07e80fdd.jpg","true","true","true","true","true","2276p","2276","2000000","1","200","200","32",""
"poster","all-on-demand-sources-森林资源-https-beiyong-slapibf-com-api-php-provide-vod-52-284780-1","自拍泄密双马尾JK制服妹子女上骑乘啪啪_被强操骚气说着不要拔出来","adult","森林资源｜追劇","","https://sl260908.top/upload/vod/20260823-1/a48f8ce497707db40b9a1ef63843e669.jpg","true","true","true","true","true","676p","676","2000000","1","200","200","25",""
"poster","all-on-demand-sources-森林资源-https-beiyong-slapibf-com-api-php-provide-vod-52-284448-1","自拍泄密酒店桑拿找小姐自拍口活不错的苗条妹子漫漫","adult","森林资源｜追劇","","https://sl260908.top/upload/vod/20260822-1/5d7cd44a8b67032c46bb31806c6d1a04.jpg","true","true","true","true","true","960p","960","2000000","1","200","200","27",""
"poster","all-on-demand-sources-森林资源-https-beiyong-slapibf-com-api-php-provide-vod-52-284445-1","自拍泄密可爱粉嫩小富婆是个小母狗深圳极骚租二代反差生活泄密","adult","森林资源｜追劇","","https://sl260908.top/upload/vod/20260822-1/85e615beeb3504e1b18904e0ecfc7c7b.jpg","true","true","true","true","true","2276p","2276","2000000","1","200","200","24",""
"poster","all-on-demand-sources-森林资源-https-beiyong-slapibf-com-api-php-provide-vod-52-284439-1","自拍泄密酒吧里刚认识的00年妹子酒店约出来操清纯外表没想到这么骚大JB甩再小舌头上骑乘上来操后入肥穴我的天太爽了","adult","森林资源｜追劇","","https://sl260908.top/upload/vod/20260822-1/a2a1eb308cc7f5e17f5abae565f10cb9.jpg","true","true","true","true","true","2272p","2272","2000000","1","200","200","26",""
"poster","all-on-demand-sources-森林资源-https-beiyong-slapibf-com-api-php-provide-vod-52-284432-1","自拍泄密江西财经大学反差学姐冯霜性爱流出大家来一睹高额彩礼的风采","adult","森林资源｜追劇","","https://sl260908.top/upload/vod/20260822-1/0737b0c939ef56a9484c670b85eafa15.jpg","true","true","true","true","true","2272p","2272","2000000","1","200","200","29",""
"poster","all-on-demand-sources-森林资源-https-beiyong-slapibf-com-api-php-provide-vod-52-284427-1","自拍泄密酒店做爱-爆操可爱的大眼萌女友口交舔弄上位骑乘后入抽插大力猛操","adult","森林资源｜追劇","","https://sl260908.top/upload/vod/20260822-1/6691f384ea77eab19f65389a5405db82.jpg","true","true","true","true","true","720p","720","2000000","1","206","200","19",""
"poster","all-on-demand-sources-森林资源-https-beiyong-slapibf-com-api-php-provide-vod-52-284341-1","自拍泄密大學剛畢業的清純美女在公司做助理工作禁不住誘惑穿水手副黑絲襪與經理啪啪","adult","森林资源｜追劇","","https://sl260908.top/upload/vod/20260821-1/9ff2e36e5fee47690ef46125b8f8d2f8.jpg","true","true","true","true","true","720p","720","2000000","1","200","200","23",""
"poster","all-on-demand-sources-森林资源-https-beiyong-slapibf-com-api-php-provide-vod-52-284337-1","自拍泄密大叔约操大学生妹子吃嫩草舌吻调情一顿揉奶子扒掉衣服妹子身材不错搂着脖子激情爆操被搞舒服了一直浪叫呻吟","adult","森林资源｜追劇","","https://sl260908.top/upload/vod/20260821-1/70d75d4282221808eeb133876208a1da.jpg","true","true","true","true","true","720p","720","2000000","1","200","200","49",""
"poster","all-on-demand-sources-森林资源-https-beiyong-slapibf-com-api-php-provide-vod-52-284324-1","自拍泄密调教大奶反差母狗大三学妹淫语骚话刺激对白","adult","森林资源｜追劇","","https://sl260908.top/upload/vod/20260821-1/9768db1a68a470c9180861fbbc5f32dc.jpg","true","true","true","true","true","2282p","2282","2000000","1","206","200","21",""
"poster","all-on-demand-sources-森林资源-https-beiyong-slapibf-com-api-php-provide-vod-52-290517-1","怀孕的人妻全程露脸激情大秀给小哥哥口交大鸡巴主动上位拿着鸡巴要往逼里塞","adult","森林资源｜追劇","","https://sl260908.top/upload/vod/20260930-1/f89468b217b16f7bebaaa2f5e3be9ad6.jpg","true","true","true","true","true","2258p","2258","2000000","1","206","200","34",""
"poster","all-on-demand-sources-森林资源-https-beiyong-slapibf-com-api-php-provide-vod-52-290506-1","花臂紋身小姐姐與老鐵星級酒店開房現場直播雙人啪啪大秀跪舔雞巴騎乘位擡腿正入抽插幹得直叫求饒國語對白","adult","森林资源｜追劇","","https://sl260908.top/upload/vod/20260930-1/e476c6668058a0697edeba12b3635582.jpg","true","true","true","true","true","736p","736","2000000","1","200","200","20",""
"poster","all-on-demand-sources-森林资源-https-beiyong-slapibf-com-api-php-provide-vod-52-290504-1","花臂纹身高颜值甜美嫩妹子舔奶摸逼深喉口交","adult","森林资源｜追劇","","https://sl260908.top/upload/vod/20260930-1/108addcfb2aa748b9a69505475e9e15e.jpg","true","true","true","true","true","720p","720","2000000","1","200","200","22",""
"poster","all-on-demand-sources-森林资源-https-beiyong-slapibf-com-api-php-provide-vod-52-290503-1","花臂紋身小姐姐與老鐵星級酒店開房現場雙人啪啪大秀跪舔雞巴騎乘位擡腿正入抽插幹得直叫求饒國語對白","adult","森林资源｜追劇","","https://sl260908.top/upload/vod/20260930-1/29e04c96d7a8095775a7914599bfc909.jpg","true","true","true","true","true","736p","736","2000000","1","200","200","23",""
"poster","all-on-demand-sources-森林资源-https-beiyong-slapibf-com-api-php-provide-vod-52-290501-1","户外车震自拍最强美腿蜜臀尤物_风骚御姐午夜户外车震无套中出清晰对话","adult","森林资源｜追劇","","https://sl260908.top/upload/vod/20260930-1/ac55b41f661914d38609aa68af15e33a.jpg","true","true","true","true","true","2274p","2274","2000000","1","200","200","23",""
"poster","all-on-demand-sources-森林资源-https-beiyong-slapibf-com-api-php-provide-vod-52-290348-1","黑丝大长腿诱人女模特跟小哥啪啪大秀玩的真敞亮","adult","森林资源｜追劇","","https://sl260908.top/upload/vod/20260929-64/0d8137ed2fd6878951bd2d2d06397147.jpg","true","true","true","true","true","2274p","2274","2000000","1","200","200","23",""
"poster","all-on-demand-sources-森林资源-https-beiyong-slapibf-com-api-php-provide-vod-52-290346-1","黑丝大长腿诱人女模特跟小哥啪啪大秀","adult","森林资源｜追劇","","https://sl260908.top/upload/vod/20260929-64/e954849303570b95280307364c08d2fd.jpg","true","true","true","true","true","2274p","2274","2000000","1","200","200","29",""
"poster","all-on-demand-sources-森林资源-https-beiyong-slapibf-com-api-php-provide-vod-52-290340-1","黑丝妹少妇的自慰高潮","adult","森林资源｜追劇","","https://sl260908.top/upload/vod/20260929-64/5a63571baebd71797aad40050dc575a6.jpg","true","true","true","true","true","720p","720","2000000","1","200","200","32",""
"poster","all-on-demand-sources-森林资源-https-beiyong-slapibf-com-api-php-provide-vod-52-290339-1","黑丝高跟熟女人妻偷情穿着紫色战袍偷情小伙被无套输出","adult","森林资源｜追劇","","https://sl260908.top/upload/vod/20260929-64/dd7f383a7029a2ca935027b08c0a05a1.jpg","true","true","true","true","true","720p","720","2000000","1","200","200","33",""
"poster","all-on-demand-sources-森林资源-https-beiyong-slapibf-com-api-php-provide-vod-52-290338-1","黑丝可爱清纯嫩妹居家自拍口交爆操后入最后直接射嘴里面爆浆","adult","森林资源｜追劇","","https://sl260908.top/upload/vod/20260929-64/9568fc3cafd2eb2cdf8fcde34ac807ce.jpg","true","true","true","true","true","720p","720","2000000","1","200","200","24",""
"poster","all-on-demand-sources-森林资源-https-beiyong-slapibf-com-api-php-provide-vod-52-290192-1","国产精品大神老虎菜奥特曼创6弹素人妹子第一次拍吓得直哆嗦","adult","森林资源｜追劇","","https://sl260908.top/upload/vod/20260928-1/05cf89353b1bf79428e8209b7ed24e1e.jpg","true","true","true","true","true","720p","720","2000000","1","200","200","29",""
"poster","all-on-demand-sources-森林资源-https-beiyong-slapibf-com-api-php-provide-vod-52-290191-1","好色小哥偷拍大神酒店偷拍内射00后细腰大奶长腿萝莉妹","adult","森林资源｜追劇","","https://sl260908.top/upload/vod/20260928-1/c03dafd9c36418bd6af92a009e657b49.jpg","true","true","true","true","true","720p","720","2000000","1","206","200","316",""
"poster","all-on-demand-sources-森林资源-https-beiyong-slapibf-com-api-php-provide-vod-52-290189-1","合租室友超级闷骚的眼镜妹不深入了解真的就是一个高冷范女孩","adult","森林资源｜追劇","","https://sl260908.top/upload/vod/20260928-1/96c111673900caeda9632ccdb31c7244.jpg","true","true","true","true","true","2258p","2258","2000000","1","200","200","17",""
"poster","all-on-demand-sources-森林资源-https-beiyong-slapibf-com-api-php-provide-vod-52-290187-1","好像被干出血了大神华仔哥投稿新作酒吧搭让民族大学师妹露出后到酒店无套爆操","adult","森林资源｜追劇","","https://sl260908.top/upload/vod/20260928-1/4c0e5085e2059503668552afef3a7a43.jpg","true","true","true","true","true","720p","720","2000000","1","200","200","35",""
"poster","all-on-demand-sources-森林资源-https-beiyong-slapibf-com-api-php-provide-vod-52-290186-1","好听话的小母狗哈尔滨女教师陈司雨涉露第二弹曝出多部大尺度做爱视频","adult","森林资源｜追劇","","https://sl260908.top/upload/vod/20260928-1/016d80d04e4ba9f9ea44b13a67cd5672.jpg","true","true","true","true","true","720p","720","2000000","1","200","200","25",""
"poster","all-on-demand-sources-森林资源-https-beiyong-slapibf-com-api-php-provide-vod-52-290184-1","好哇塞的小女友深夜跟小哥激情车震深喉大鸡巴无套后入塞满小穴浪荡呻吟让小哥压在身下爆草直接内射骚逼","adult","森林资源｜追劇","","https://sl260908.top/upload/vod/20260928-1/cd1bbccb7ed2372b1bdd8e9859810591.jpg","true","true","true","true","true","2258p","2258","2000000","1","200","200","21",""
"poster","all-on-demand-sources-森林资源-https-beiyong-slapibf-com-api-php-provide-vod-52-290029-1","高颜值东北御姐被死胖子无套爆插","adult","森林资源｜追劇","","https://sl260908.top/upload/vod/20260927-1/6eac67fb34fa29e8cce3ff95e0f73646.jpg","true","true","true","true","true","2278p","2278","2000000","1","200","200","17",""
"poster","all-on-demand-sources-森林资源-https-beiyong-slapibf-com-api-php-provide-vod-52-290028-1","高颜值黑丝美眉在办公室被小哥哥无套输出叫太大声差点被发现私拍","adult","森林资源｜追劇","","https://sl260908.top/upload/vod/20260927-1/0d669bf46d4f2ad6e743e51cf1dbd68a.jpg","true","true","true","true","true","2274p","2274","2000000","1","200","200","31",""
"poster","all-on-demand-sources-森林资源-https-beiyong-slapibf-com-api-php-provide-vod-52-290023-1","高颜值大四网红学生妹酒店陪大哥被调教爆操超级骚超级浪","adult","森林资源｜追劇","","https://sl260908.top/upload/vod/20260927-1/2704bceaec3f053106af061876993c85.jpg","true","true","true","true","true","2270p","2270","2000000","1","200","200","17",""
"poster","all-on-demand-sources-森林资源-https-beiyong-slapibf-com-api-php-provide-vod-52-290019-1","高颜值黑丝长腿短发巨乳嫩妹道具插穴高潮自慰好性感迷人的大咪咪超级给力","adult","森林资源｜追劇","","https://sl260908.top/upload/vod/20260927-1/db55a2ebf98996f4e6aa41bcbc860f13.jpg","true","true","true","true","true","2342p","2342","2000000","1","200","200","17",""
"poster","all-on-demand-sources-森林资源-https-beiyong-slapibf-com-api-php-provide-vod-52-290516-1","花椒主播超美女神兔子姐姐淑蔓豪订制大尺度私拍一对一露脸自慰","adult","森林资源｜追劇","","https://sl260908.top/upload/vod/20260930-1/f50acc0d1259d8339af9fca031e5b513.jpg","true","true","true","true","true","720p","720","2000000","1","200","200","34",""
"poster","all-on-demand-sources-森林资源-https-beiyong-slapibf-com-api-php-provide-vod-52-290514-1","花椒主播极品御姐性感舞姬巨型八字奶裸舞自慰诱惑合集","adult","森林资源｜追劇","","https://sl260908.top/upload/vod/20260930-1/c484be6a0100b1996a0a923000861292.jpg","true","true","true","true","true","720p","720","2000000","1","200","200","22",""
"poster","all-on-demand-sources-森林资源-https-beiyong-slapibf-com-api-php-provide-vod-52-290513-1","花椒主播极品网红女神你的楠妹儿豪大尺度订制全裸骚舞自慰诱惑合集","adult","森林资源｜追劇","","https://sl260908.top/upload/vod/20260930-1/e602b491ded7879dbe3c5f29effdf1fe.jpg","true","true","true","true","true","720p","720","2000000","1","200","200","25",""
"poster","all-on-demand-sources-森林资源-https-beiyong-slapibf-com-api-php-provide-vod-52-290512-1","花椒主播巨乳御姐迷人的大白兔爆乳骚舞大尺度自慰抖奶","adult","森林资源｜追劇","","https://sl260908.top/upload/vod/20260930-1/0408983f6b4dda1878b5c6f84135ef47.jpg","true","true","true","true","true","720p","720","2000000","1","200","200","17",""
"poster","all-on-demand-sources-森林资源-https-beiyong-slapibf-com-api-php-provide-vod-52-290507-1","花椒主播极品网红女神你的楠妹儿豪大尺度订制全裸骚舞自慰诱惑合集2","adult","森林资源｜追劇","","https://sl260908.top/upload/vod/20260930-1/8ec3b2ac0d26ded6801a03ffb7144dc1.jpg","true","true","true","true","true","720p","720","2000000","1","200","200","28",""
"poster","all-on-demand-sources-森林资源-https-beiyong-slapibf-com-api-php-provide-vod-52-290362-1","黑丝少妇直播-敞开双腿压在身下爆操骚逼奶子乱晃深喉大鸡巴后入抽插","adult","森林资源｜追劇","","https://sl260908.top/upload/vod/20260929-64/a67debbd2eb89f7ef25cdfc88d329954.jpg","true","true","true","true","true","2274p","2274","2000000","1","200","200","29",""
"poster","all-on-demand-sources-森林资源-https-beiyong-slapibf-com-api-php-provide-vod-52-290358-1","黑丝熟女人妻撅着大白屁屁被无套爆菊花操的骚逼大开大合非常享受","adult","森林资源｜追劇","","https://sl260908.top/upload/vod/20260929-64/a530855383b7b68780df8650bdec0d76.jpg","true","true","true","true","true","720p","720","2000000","1","200","200","19",""
"poster","all-on-demand-sources-森林资源-https-beiyong-slapibf-com-api-php-provide-vod-52-290350-1","黑丝露脸透视装骚表妹勾搭表哥激情啪啪全程露脸漏胶多体位蹂躏爆操浪叫不止","adult","森林资源｜追劇","","https://sl260908.top/upload/vod/20260929-64/8c75c6dec8c5e42ea87c11b3b6a94b0e.jpg","true","true","true","true","true","2160p","2160","2000000","1","200","200","29",""
"poster","all-on-demand-sources-森林资源-https-beiyong-slapibf-com-api-php-provide-vod-52-290349-1","黑丝骚母狗直播爆菊骚菊双穴塞满操喷","adult","森林资源｜追劇","","https://sl260908.top/upload/vod/20260929-64/5e86642d0d1313359e143acf9e280a64.jpg","true","true","true","true","true","720p","720","2000000","1","200","200","23",""
"poster","all-on-demand-sources-森林资源-https-beiyong-slapibf-com-api-php-provide-vod-52-290203-1","好看漂亮的小姐姐精品性感又可爱直播自慰福利秀","adult","森林资源｜追劇","","https://sl260908.top/upload/vod/20260928-1/83065aee1a5e8ca425d4c2c18cc504fb.jpg","true","true","true","true","true","724p","724","2000000","1","200","200","27",""
"live","youtube新聞台-001-三立inews-1","001 三立iNEWS","youtube","","YouTube新聞台","https://manifest.googlevideo.com/api/manifest/hls_playlist/expire/1790794367/ei/Hwa9apbTJuSPvcAPsv7e4AM/ip/114.42.217.108/id/pF507BLtbqU.12/itag/96/source/yt_live_broadcast/requiressl/yes/ratebypass/yes/live/1/sgoap/gir%3Dyes%3Bitag%3D140/sgovp/gir%3Dyes%3Bitag%3D137/rqh/1/hls_chunk_host/rr1---sn-ipoxu-umbee.googlevideo.com/xpc/EgVo2aDSNQ%3D%3D/playlist_duration/30/manifest_duration/30/bui/AWzQHwrIFsRsapCPUEpUeAnV_GmG5fR45kFznD9eqZqzl6IKYzvRaWwcumchqIUYDPSIX5lKxm62SnxA/spc/I-rgIXIijuErGLvXcOfFfltBG1eZADih-oAPA1FEdkP0Gyi5jg/vprv/1/reg/0/playlist_type/DVR/initcwndbps/2725375/met/1790772767,/mh/6w/mm/44/mn/sn-ipoxu-umbee/ms/lva/mv/m/mvi/1/pl/24/rms/lva,lva/dover/11/pacing/0/keepalive/yes/fexp/51565115,52112905,52184227,52250512/mt/1790772279/sparams/expire,ei,ip,id,itag,source,requiressl,ratebypass,live,sgoap,sgovp,rqh,xpc,playlist_duration,manifest_duration,bui,spc,vprv,reg,playlist_type/sig/AE0s2JYwRgIhANYN3ezYonUGkDmLMdYrbGIjBEjhYCGrdL99F4V83x2AAiEA8-e4jLJp16VLO4fiXJBoGm8PYRCcNwl2hrhmpbzlQEc%3D/lsparams/hls_chunk_host,initcwndbps,met,mh,mm,mn,ms,mv,mvi,pl,rms/lsig/APaTxxMwRQIgO8BAAU8OG7aKu2orQZ3w5KNwgx8LHuVkdgOHaCNyOXQCIQD8HtVqsfC1NPlX0Yl8Q1_JETInu6mU29NoA8i2aggaBQ%3D%3D/playlist/index.m3u8","false","","","","true","1080p","1080","0","0","200","","1845","segment HTTP 403"
"live","youtube新聞台-003-東森財經新聞-1","003 東森財經新聞","youtube","","YouTube新聞台","https://manifest.googlevideo.com/api/manifest/hls_playlist/expire/1790794373/ei/JQa9aoOXCrKmvcAPsvC1yQI/ip/114.42.217.108/id/1I2iq41Akmo.3/itag/96/source/yt_live_broadcast/requiressl/yes/ratebypass/yes/live/1/sgoap/gir%3Dyes%3Bitag%3D140/sgovp/gir%3Dyes%3Bitag%3D137/rqh/1/hls_chunk_host/rr4---sn-ipoxu-umbk.googlevideo.com/xpc/EgVo2aDSNQ%3D%3D/playlist_duration/30/manifest_duration/30/bui/AWzQHwqgQsuYk6cSBDlf1y94yjv4I1WbhNVSs5azUoQxcomHIsZAN44aweO_uP0msZx0ZWQHXGdBq96m/spc/I-rgIV3yNsYgg-G-NTFeWECwb0nuEcXjPxiOnXwBXI9OvXpFvg/vprv/1/reg/0/playlist_type/DVR/initcwndbps/2725375/met/1790772773,/mh/CJ/mm/44/mn/sn-ipoxu-umbk/ms/lva/mv/m/mvi/4/pl/24/rms/lva,lva/dover/11/pacing/0/keepalive/yes/fexp/51565115,52112905,52184226,52250512/mt/1790772279/sparams/expire,ei,ip,id,itag,source,requiressl,ratebypass,live,sgoap,sgovp,rqh,xpc,playlist_duration,manifest_duration,bui,spc,vprv,reg,playlist_type/sig/AE0s2JYwRAIgMKlUpxAIP_QFriMvqUWZXL8SoK8XcnhseUBUALuh3LECIFChHqQbzi_n5VL_jDpoxQ2b_oZBeNrvsYR-JcO-Ram3/lsparams/hls_chunk_host,initcwndbps,met,mh,mm,mn,ms,mv,mvi,pl,rms/lsig/APaTxxMwRAIgc033c9amA58FOHudzQW6TJYavbnJ6IxI32_60wnFG5UCIAWGwpOR8emAERdh-xqidttD5q71KoFnIbzhL-_A8DjS/playlist/index.m3u8","false","","","","true","1080p","1080","0","0","200","","1905","segment HTTP 403"
"live","youtube新聞台-005-中視新聞-1","005 中視新聞","youtube","","YouTube新聞台","https://manifest.googlevideo.com/api/manifest/hls_playlist/expire/1790794379/ei/Kwa9avWxNPaX1d8PkP30yAw/ip/114.42.217.108/id/TCnaIE_SAtM.9/itag/96/source/yt_live_broadcast/requiressl/yes/ratebypass/yes/live/1/sgoap/gir%3Dyes%3Bitag%3D140/sgovp/gir%3Dyes%3Bitag%3D137/rqh/1/hls_chunk_host/rr4---sn-ipoxu-umbee.googlevideo.com/xpc/EgVo2aDSNQ%3D%3D/playlist_duration/30/manifest_duration/30/bui/AWzQHwpURSag_2WY_Tr3pTG96eMQPNOtdPftUwWtFMJXMciz2smqTzN17ctqi7vWjaHyYR50UqO9cJ2L/spc/I-rgIbxzDLIh1S6W1g4XbxRAXs-r_hopJnLHpw-ed64XmFo/vprv/1/reg/0/playlist_type/DVR/initcwndbps/2725375/met/1790772780,/mh/eb/mm/44/mn/sn-ipoxu-umbee/ms/lva/mv/m/mvi/4/pl/24/rms/lva,lva/dover/11/pacing/0/keepalive/yes/fexp/51565115,52112904,52184227/mt/1790772279/sparams/expire,ei,ip,id,itag,source,requiressl,ratebypass,live,sgoap,sgovp,rqh,xpc,playlist_duration,manifest_duration,bui,spc,vprv,reg,playlist_type/sig/AE0s2JYwRQIgUQJmoK-1KY0sq6FR4Ujolk7ONBpYvBPV_8tibDp1qN0CIQDivY4Shor-HDmn3WiDQHDswj0ykR6DaI911pwRdPMWWw%3D%3D/lsparams/hls_chunk_host,initcwndbps,met,mh,mm,mn,ms,mv,mvi,pl,rms/lsig/APaTxxMwRgIhAMpSmGd8dcIs8ykmOMwXJe86oKgeFp8n3HoSZVeTptcHAiEAtFkmC2Tgn4xheiI35LLDVwxaezBKsTQgh6v2ZHfnDrU%3D/playlist/index.m3u8","false","","","","true","1080p","1080","0","0","200","","1831","segment HTTP 403"
"live","youtube新聞台-006-民視新聞-1","006 民視新聞","youtube","","YouTube新聞台","https://manifest.googlevideo.com/api/manifest/hls_playlist/expire/1790794383/ei/Lwa9aqeiC6qy2roPtpnp6Aw/ip/114.42.217.108/id/ylYJSBUgaMA.8/itag/96/source/yt_live_broadcast/requiressl/yes/ratebypass/yes/live/1/sgoap/gir%3Dyes%3Bitag%3D140/sgovp/gir%3Dyes%3Bitag%3D137/rqh/1/hls_chunk_host/rr5---sn-ipoxu-umbee.googlevideo.com/xpc/EgVo2aDSNQ%3D%3D/playlist_duration/30/manifest_duration/30/bui/AWzQHwrn5tPW_ZZmTMwyidQCAQhkoc9ZE8rKArsoj6nrgdLc17u1qEtAv8f4AXzi0blc1N1qCmWIyrvY/spc/I-rgIdjXkWluPI7YmaoVRvCQBsiC-YVWk_r-QUpB7uqcGfo/vprv/1/reg/0/playlist_type/DVR/initcwndbps/2725375/met/1790772783,/mh/iR/mm/44/mn/sn-ipoxu-umbee/ms/lva/mv/m/mvi/5/pl/24/rms/lva,lva/dover/11/pacing/0/keepalive/yes/fexp/51565115,52112904,52184227/mt/1790772279/sparams/expire,ei,ip,id,itag,source,requiressl,ratebypass,live,sgoap,sgovp,rqh,xpc,playlist_duration,manifest_duration,bui,spc,vprv,reg,playlist_type/sig/AE0s2JYwRQIhAKb3OmfqEOyYYyvv7XPh8YR7ctPRMsrgVWIGiwQvUTsWAiAVlWPm-HnOhk10W6FSYAOAREcVqVs3agQ6Nf3FVAOZzw%3D%3D/lsparams/hls_chunk_host,initcwndbps,met,mh,mm,mn,ms,mv,mvi,pl,rms/lsig/APaTxxMwRgIhAJBSP0HeVFqGvPj7OK7Xkb4_w4SoqxElTs-la5dfN3hdAiEA7xKn7wfx1gEo-ZSf38aIxiCoQZkopjJJwCAgVBGzfms%3D/playlist/index.m3u8","false","","","","true","1080p","1080","0","0","200","","1897","segment HTTP 403"
"live","youtube新聞台-009-tvbs-news-24小時直播-1","009 TVBS NEWS 24小時直播","youtube","","YouTube新聞台","https://manifest.googlevideo.com/api/manifest/hls_playlist/expire/1790794393/ei/OQa9au_5EuDj2roPh7LP4QE/ip/114.42.217.108/id/m_dhMSvUCIc.7/itag/96/source/yt_live_broadcast/requiressl/yes/ratebypass/yes/live/1/sgoap/gir%3Dyes%3Bitag%3D140/sgovp/gir%3Dyes%3Bitag%3D137/rqh/1/hls_chunk_host/rr4---sn-ipoxu-umbk.googlevideo.com/xpc/EgVo2aDSNQ%3D%3D/playlist_duration/30/manifest_duration/30/bui/AWzQHwpcOf9DENftc4YfIP-6hABGIaEma88z5Iz4zCKrwAbevFNqace5X_Es1vTTOrjxYXvbmZRQifsN/spc/I-rgIT7iPmgniwNfHoTzOL47Cy1y9kMecSHsXU2ahJI73JA/vprv/1/reg/0/playlist_type/DVR/hcs/ir/initcwndbps/2725375/met/1790772793,/mh/V0/mm/44/mn/sn-ipoxu-umbk/ms/lva/mv/m/mvi/4/pl/24/rmhost/rr1---sn-ipoxu-umbk.googlevideo.com/rms/lva,lva/dover/11/pacing/0/keepalive/yes/fexp/51565115,52112904,52184227/mt/1790772279/sparams/expire,ei,ip,id,itag,source,requiressl,ratebypass,live,sgoap,sgovp,rqh,xpc,playlist_duration,manifest_duration,bui,spc,vprv,reg,playlist_type/sig/AE0s2JYwRgIhAIrISP7TZaV-i_137qnhLSJn8oQcPZvaeOx2gsj-mC8JAiEAmBxsxQWzZLBIXR2bRrEZI2w1siAxmHhGJ88z7Fa7r9I%3D/lsparams/hls_chunk_host,hcs,initcwndbps,met,mh,mm,mn,ms,mv,mvi,pl,rmhost,rms/lsig/APaTxxMwRAIgFwFs0Og7cghnRhP9L1i7Qa5WucyG5RldpRAmkhCq1hICIBE-Qw3uqaiAeL0N8OmrHaNCYBQNyp_eU8GS7FkvR3JM/playlist/index.m3u8","false","","","","true","1080p","1080","0","0","200","","1914","segment HTTP 403"
"live","youtube新聞台-010-中天電視-1","010 中天電視","youtube","","YouTube新聞台","https://manifest.googlevideo.com/api/manifest/hls_playlist/expire/1790794396/ei/PAa9aruGFu6grfcPl4_G4Q4/ip/114.42.217.108/id/vr3XyVCR4T0.4/itag/96/source/yt_live_broadcast/requiressl/yes/ratebypass/yes/live/1/sgoap/gir%3Dyes%3Bitag%3D140/sgovp/gir%3Dyes%3Bitag%3D137/rqh/1/hls_chunk_host/rr4---sn-ipoxu-umbk.googlevideo.com/xpc/EgVo2aDSNQ%3D%3D/playlist_duration/30/manifest_duration/30/bui/AWzQHwoRcNho5bHNkXx9CRt3e1m1JDgchsrlt-QRb-tod-V6qKoDJ65A-pXIlatUiopnxejl7FJg2yNN/spc/I-rgIV1qq7s6Gi7v0V1rgnZSeJcscd0nG-StB-IMs9BWGNG73g/vprv/1/reg/0/playlist_type/DVR/initcwndbps/2725375/met/1790772796,/mh/40/mm/44/mn/sn-ipoxu-umbk/ms/lva/mv/m/mvi/4/pl/24/rms/lva,lva/dover/11/pacing/0/keepalive/yes/fexp/51565116,52112905,52184226/mt/1790772279/sparams/expire,ei,ip,id,itag,source,requiressl,ratebypass,live,sgoap,sgovp,rqh,xpc,playlist_duration,manifest_duration,bui,spc,vprv,reg,playlist_type/sig/AE0s2JYwRQIgYCmoiZCKDHOIW3-yeph9rwnFDy7pO_BUMXti4wbc_mACIQC4183BBdjGWk4uKMUPMGs4UBTY286FR-uMxDheHvvRPw%3D%3D/lsparams/hls_chunk_host,initcwndbps,met,mh,mm,mn,ms,mv,mvi,pl,rms/lsig/APaTxxMwRQIhANRfuiZPCstEZTvUNLOpU3IgN59xtfdWq2V7zca7sZrgAiBLEKwMOnUcqvG9UG4OSvr44txwBynqQQXblSLmiILqXw%3D%3D/playlist/index.m3u8","false","","","","true","1080p","1080","0","0","200","","1857","segment HTTP 403"
"live","youtube新聞台-012-新唐人live-1","012 新唐人LIVE","youtube","","YouTube新聞台","https://manifest.googlevideo.com/api/manifest/hls_playlist/expire/1790794401/ei/QQa9at-JK4aj9fwPhomjoQE/ip/114.42.217.108/id/Bhp_V7H5QoY.7/itag/95/source/yt_live_broadcast/requiressl/yes/ratebypass/yes/live/1/sgoap/gir%3Dyes%3Bitag%3D140/sgovp/gir%3Dyes%3Bitag%3D136/rqh/1/hls_chunk_host/rr5---sn-ipoxu-umby.googlevideo.com/xpc/EgVo2aDSNQ%3D%3D/bui/AWzQHwr7tbDP4V_bJXv8NB94hbSeqxM6Z0DRYzyDbgB4khWe1E3-uM_RWKuD00ZAdRdDuEpG9O2XCbmT/spc/I-rgISq0JVGLZud6-V54YLxpCZcOcNs_-ISVxqN3JrTjgys/vprv/1/reg/0/playlist_type/DVR/initcwndbps/2725375/met/1790772801,/mh/Zs/mm/44/mn/sn-ipoxu-umby/ms/lva/mv/m/mvi/5/pcm2cms/yes/pl/24/rms/lva,lva/dover/11/pacing/0/keepalive/yes/fexp/51565116,52112904,52184227,52250512/mt/1790772279/sparams/expire,ei,ip,id,itag,source,requiressl,ratebypass,live,sgoap,sgovp,rqh,xpc,bui,spc,vprv,reg,playlist_type/sig/AE0s2JYwRAIgG5fxFhVuy0Ok9jeXm4zI3xdQ_jC96Al6DXbO30kzhfQCIBH0g0q5uiFUE3CJuDff34IrJRqDBcYWHZP3p22-6ggg/lsparams/hls_chunk_host,initcwndbps,met,mh,mm,mn,ms,mv,mvi,pcm2cms,pl,rms/lsig/APaTxxMwRQIgJUFlnJdm7p-faOx0qdk-1PS2Toe80yadXOp9MlP68UECIQDIjD3kFTRvVK55gS8asIUTiX6TOixhcjm59ohOCanQag%3D%3D/playlist/index.m3u8","false","","","","true","720p","720","0","0","200","","1923","segment HTTP 403"
"live","youtube新聞台-013-鏡新聞-1","013 鏡新聞","youtube","","YouTube新聞台","https://manifest.googlevideo.com/api/manifest/hls_playlist/expire/1790794406/ei/RQa9apfkO8y12roP4Z2pwQ4/ip/114.42.217.108/id/5n0y6b0Q25o.8/itag/96/source/yt_live_broadcast/requiressl/yes/ratebypass/yes/live/1/sgoap/gir%3Dyes%3Bitag%3D140/sgovp/gir%3Dyes%3Bitag%3D137/rqh/1/hls_chunk_host/rr4---sn-ipoxu-umby.googlevideo.com/xpc/EgVo2aDSNQ%3D%3D/playlist_duration/30/manifest_duration/30/bui/AWzQHwryWvFUm6eEZu11vFMNcgAKTfaUcrPP_CTUibRfhNaTR-B1oecbLuIxTPy69kSZRLS7DGnkKZVc/spc/I-rgIUU10-1BEXTJnqm65KSDqbqKPyoUfqFdrg7UCEEnf94/vprv/1/reg/0/playlist_type/DVR/initcwndbps/2725375/met/1790772806,/mh/di/mm/44/mn/sn-ipoxu-umby/ms/lva/mv/m/mvi/4/pl/24/rms/lva,lva/dover/11/pacing/0/keepalive/yes/fexp/51565116,52112904,52184227/mt/1790772279/sparams/expire,ei,ip,id,itag,source,requiressl,ratebypass,live,sgoap,sgovp,rqh,xpc,playlist_duration,manifest_duration,bui,spc,vprv,reg,playlist_type/sig/AE0s2JYwRQIgdOoW33DXPWGBvS8lSG8c8sBn6laKoCTWolgVhZ1dy8YCIQC7Xj-iwNhcDFcFN3mC3sIxQ8liZtSKBxPomAm-6HYQwQ%3D%3D/lsparams/hls_chunk_host,initcwndbps,met,mh,mm,mn,ms,mv,mvi,pl,rms/lsig/APaTxxMwRgIhANEC-PyBKEBu2jR-YcJT8aRF2ONQz2vUCGrV1UAeYQcyAiEA7LAR_2QCKZ4c14tV-xIdiMuvoIq6hMZ8Esc_a4Gu2jM%3D/playlist/index.m3u8","false","","","","true","1080p","1080","0","0","200","","1802","segment HTTP 403"
"live","youtube新聞台-016-寰宇新聞財經台-1","016 寰宇新聞財經台","youtube","","YouTube新聞台","https://manifest.googlevideo.com/api/manifest/hls_playlist/expire/1790794415/ei/Twa9arfjGeT3pt8P_qbfyQ0/ip/114.42.217.108/id/yAUQQ0DhPxI.1/itag/96/source/yt_live_broadcast/requiressl/yes/ratebypass/yes/live/1/sgoap/gir%3Dyes%3Bitag%3D140/sgovp/gir%3Dyes%3Bitag%3D137/rqh/1/hls_chunk_host/rr2---sn-ipoxu-umbk.googlevideo.com/xpc/EgVo2aDSNQ%3D%3D/playlist_duration/30/manifest_duration/30/bui/AWzQHwoIgJBpWhkxeArnYFfT9_ZfdSk69UC9fWbkhwhoEh3RokWlgHNz0YV5LyWaZzfdGT1wlOpFWUz6/spc/I-rgIQNF6LO-woSBBniZ5nUI4yOxX7J4idtkp97CDV7fSTE/vprv/1/reg/0/playlist_type/DVR/initcwndbps/2725375/met/1790772815,/mh/iz/mm/44/mn/sn-ipoxu-umbk/ms/lva/mv/m/mvi/2/pcm2cms/yes/pl/24/rms/lva,lva/dover/11/pacing/0/keepalive/yes/fexp/51565116,52112904,52184227/mt/1790772279/sparams/expire,ei,ip,id,itag,source,requiressl,ratebypass,live,sgoap,sgovp,rqh,xpc,playlist_duration,manifest_duration,bui,spc,vprv,reg,playlist_type/sig/AE0s2JYwRQIhANzM4GIcPIKrYQgCY4YvelULiznXg6On9QmSXUuhu8W2AiA8zmPZbTRFVBovgxiXe3Jay5ueIE8ztYNH_vb32Fjg9Q%3D%3D/lsparams/hls_chunk_host,initcwndbps,met,mh,mm,mn,ms,mv,mvi,pcm2cms,pl,rms/lsig/APaTxxMwRQIhAPtUw3H_2odJX3x4OLoHUgRc5YVKZ-QWWPPjHJGdUVIMAiAy04kUrUThO1_hHTUfGWKS4NYpXxeS6vm7hfsq1Qn3kA%3D%3D/playlist/index.m3u8","false","","","","true","1080p","1080","0","0","200","","1867","segment HTTP 403"
"live","youtube新聞台-018-公視新聞網-1","018 公視新聞網","youtube","","YouTube新聞台","https://manifest.googlevideo.com/api/manifest/hls_playlist/expire/1790794420/ei/VAa9apDcNayYvcAPjonz6QI/ip/114.42.217.108/id/quwqlazU-c8.10/itag/96/source/yt_live_broadcast/requiressl/yes/ratebypass/yes/live/1/sgoap/gir%3Dyes%3Bitag%3D140/sgovp/gir%3Dyes%3Bitag%3D137/rqh/1/hls_chunk_host/rr5---sn-ipoxu-umby.googlevideo.com/xpc/EgVo2aDSNQ%3D%3D/playlist_duration/30/manifest_duration/30/bui/AWzQHwp2pd-Te0YYrGn7yvAp7Db9zpJWS-PRK0bEuYhrRxuG_PlQ6tFQLEbaBfJ6KVUCXmfdK5q2GLBg/spc/I-rgIViGkrbi1MJc5kIEXUKdZa_ukQtUb_0U2ip5_tbC534/vprv/1/reg/0/playlist_type/DVR/initcwndbps/2725375/met/1790772821,/mh/sI/mm/44/mn/sn-ipoxu-umby/ms/lva/mv/m/mvi/5/pl/24/rms/lva,lva/dover/11/pacing/0/keepalive/yes/fexp/51565116,52112904,52184227/mt/1790772279/sparams/expire,ei,ip,id,itag,source,requiressl,ratebypass,live,sgoap,sgovp,rqh,xpc,playlist_duration,manifest_duration,bui,spc,vprv,reg,playlist_type/sig/AE0s2JYwRQIgVN7vO7tqiFy-0We69RZu_5JqDvM0uTClxm1YIjHbNdACIQD583L36jZvM9dtez-FMeB2Sx5JWoMDfM38haEP-bq2MA%3D%3D/lsparams/hls_chunk_host,initcwndbps,met,mh,mm,mn,ms,mv,mvi,pl,rms/lsig/APaTxxMwRQIhALgiEG9iLw_mrfZ0tsAvGzTmT_c61r8jrmOv0gUq93YXAiArpiNNLxPuETd3aam5iOf770bdJdYsA3ujmBEb0USnag%3D%3D/playlist/index.m3u8","false","","","","true","1080p","1080","0","0","200","","1759","segment HTTP 403"
"live","youtube新聞台-019-華視新聞-1","019 華視新聞","youtube","","YouTube新聞台","https://manifest.googlevideo.com/api/manifest/hls_playlist/expire/1790794424/ei/WAa9apn7Ac-i9fwPo4HmgQ0/ip/114.42.217.108/id/wM0g8EoUZ_E.6/itag/96/source/yt_live_broadcast/requiressl/yes/ratebypass/yes/live/1/sgoap/gir%3Dyes%3Bitag%3D140/sgovp/gir%3Dyes%3Bitag%3D137/rqh/1/hls_chunk_host/rr4---sn-ipoxu-umbk.googlevideo.com/xpc/EgVo2aDSNQ%3D%3D/playlist_duration/30/manifest_duration/30/gcr/tw/bui/AWzQHwp4F51MSI-1VL533bFiWxWdgSf_Xz79i0rRrF4j_zK-tJCu7AMhuA07mhKhltXRsmqk1LWwBpkB/spc/I-rgIahU9k3Q6iPZyLLswgSc1bcWUq9v2jl984Ws4fzJmYI/vprv/1/reg/0/playlist_type/DVR/initcwndbps/2725375/met/1790772824,/mh/93/mm/44/mn/sn-ipoxu-umbk/ms/lva/mv/m/mvi/4/pcm2cms/yes/pl/24/rms/lva,lva/dover/11/pacing/0/keepalive/yes/fexp/51565115,52112904,52184227/mt/1790772279/sparams/expire,ei,ip,id,itag,source,requiressl,ratebypass,live,sgoap,sgovp,rqh,xpc,playlist_duration,manifest_duration,gcr,bui,spc,vprv,reg,playlist_type/sig/AE0s2JYwRAIgZ90Q0Sq006MpaCeMB2oV7t8P9ReKBfrmc-1prfOw96QCIC5Zpyu8ih-u7XwvUd8nQnPGF3u8LJI6jDU001ka6GAX/lsparams/hls_chunk_host,initcwndbps,met,mh,mm,mn,ms,mv,mvi,pcm2cms,pl,rms/lsig/APaTxxMwRQIgYNh9QsaMjKBTfsin-yoe0S6sIJZtFkSwnOhQODYx6rMCIQDQ_C8M7pcrJez7XXmx-lzVn7WkJNHAHOUnhL-aSEDkPw%3D%3D/playlist/index.m3u8","false","","","","true","1080p","1080","0","0","200","","1231","segment HTTP 403"
"live","youtube新聞台-021-東森新聞-51-頻道-24-小時直播-1","021 東森新聞 51 頻道 24 小時直播","youtube","","YouTube新聞台","https://manifest.googlevideo.com/api/manifest/hls_playlist/expire/1790794429/ei/XQa9avrfGrS31d8Po_u_sAg/ip/114.42.217.108/id/V1p33hqPrUk.77/itag/96/source/yt_live_broadcast/requiressl/yes/ratebypass/yes/live/1/sgoap/gir%3Dyes%3Bitag%3D140/sgovp/gir%3Dyes%3Bitag%3D137/rqh/1/hls_chunk_host/rr2---sn-ipoxu-umby.googlevideo.com/xpc/EgVo2aDSNQ%3D%3D/playlist_duration/30/manifest_duration/30/bui/AWzQHwqPz2imlKH-WdHyxCLEjsVI_w_pNOBVFCBqCP65eFuuBsG8zlRgHJotDEptWdHfzXpQgGygzqqZ/spc/I-rgIef18DPKIWExiBc8qnpZ8PWM0uK8heyxWiZFwgfQbx8/vprv/1/reg/0/playlist_type/DVR/hcs/ir/initcwndbps/2725375/met/1790772829,/mh/56/mm/44/mn/sn-ipoxu-umby/ms/lva/mv/m/mvi/2/pcm2cms/yes/pl/24/rms/lva,lva/dover/11/pacing/0/keepalive/yes/fexp/51565115,52112904,52184226/mt/1790772279/sparams/expire,ei,ip,id,itag,source,requiressl,ratebypass,live,sgoap,sgovp,rqh,xpc,playlist_duration,manifest_duration,bui,spc,vprv,reg,playlist_type/sig/AE0s2JYwRQIhAMQRWfmo1PazNNiYc7yVn56haNf-LAMfmp7vdsdf-UJlAiB_FXxaLQ-Q_qn8BRjp5nEd8yA5TrcznB5Ng2mXEpZdgg%3D%3D/lsparams/hls_chunk_host,hcs,initcwndbps,met,mh,mm,mn,ms,mv,mvi,pcm2cms,pl,rms/lsig/APaTxxMwRAIgcYXpL9Lr0dNbziSuiOQO4LO2gNHF0n60YzKhkIBekyUCICigFkosnwgTX1kl7UBMLdBsZ7p1uBaB_7Tqe4F_8eGX/playlist/index.m3u8","false","","","","true","1080p","1080","0","0","200","","1913","segment HTTP 403"
"live","youtube新聞台-023-公視-網路直播頻道-1","023 公視 網路直播頻道","youtube","","YouTube新聞台","https://manifest.googlevideo.com/api/manifest/hls_playlist/expire/1790794435/ei/Ywa9au_tIeL5pt8P1oiIoQc/ip/114.42.217.108/id/C6gYqSHLRw4.3/itag/96/source/yt_live_broadcast/requiressl/yes/ratebypass/yes/live/1/sgoap/gir%3Dyes%3Bitag%3D140/sgovp/gir%3Dyes%3Bitag%3D137/rqh/1/hls_chunk_host/rr4---sn-ipoxu-umby.googlevideo.com/xpc/EgVo2aDSNQ%3D%3D/playlist_duration/30/manifest_duration/30/gcr/tw/bui/AWzQHwpnmBXJYZ564VfBgQdWRvMLYGUFkJCsa9gtPEKyaiH_zESTbJaQDR9ktXvJWH7vUvHmnZB-hnoi/spc/I-rgITQ3RTVobYDaOsU5J6Avf5Hx0VaXXQgaFA59N5tKxHa_lA/vprv/1/reg/0/playlist_type/DVR/initcwndbps/2725375/met/1790772835,/mh/Kb/mm/44/mn/sn-ipoxu-umby/ms/lva/mv/m/mvi/4/pl/24/rms/lva,lva/dover/11/pacing/0/keepalive/yes/fexp/51565116,52112905,52184226/mt/1790772279/sparams/expire,ei,ip,id,itag,source,requiressl,ratebypass,live,sgoap,sgovp,rqh,xpc,playlist_duration,manifest_duration,gcr,bui,spc,vprv,reg,playlist_type/sig/AE0s2JYwRAIgCG0__G_3eewqFr_C8rlD6_sThZQ6pPiOkhdwHOA799gCIH3L3lpbHeQeNKKXJemX_xouu8ZkVfje0SIdY3sxHRS-/lsparams/hls_chunk_host,initcwndbps,met,mh,mm,mn,ms,mv,mvi,pl,rms/lsig/APaTxxMwRAIhAIsgDDQbg8g89ZSZb7KIfSMzpCUwfd7Gcqgr3KoNqH7LAh9mjWxFNh422Ucgx3u16FgaJkZXvx-CcZWNXWsp-aIA/playlist/index.m3u8","false","","","","true","1080p","1080","0","0","200","","1121","segment HTTP 403"
"live","youtube新聞台-024-cna-live-1","024 CNA LIVE","youtube","","YouTube新聞台","https://manifest.googlevideo.com/api/manifest/hls_playlist/expire/1790794438/ei/Zga9atrzIpru2roP89fKyA4/ip/114.42.217.108/id/XWq5kBlakcQ.11/itag/96/source/yt_live_broadcast/requiressl/yes/ratebypass/yes/live/1/sgoap/gir%3Dyes%3Bitag%3D140/sgovp/gir%3Dyes%3Bitag%3D137/rqh/1/hls_chunk_host/rr5---sn-ipoxu-umby.googlevideo.com/xpc/EgVo2aDSNQ%3D%3D/bui/AWzQHwpLlRFcm0RAd-Cvga7rlEfa5SrXf62yiReB9l4B2HWuZt_fMiu3a1eejgqC42CGN9it98vaq8l1/spc/I-rgIZTSyeVykDGcekg8SdRBBMGm2toNFzzHXdRciiLEOKQ/vprv/1/reg/0/playlist_type/DVR/initcwndbps/2752375/met/1790772838,/mh/W6/mm/44/mn/sn-ipoxu-umby/ms/lva/mv/m/mvi/5/pl/24/rms/lva,lva/dover/11/pacing/0/keepalive/yes/fexp/51565116,52112904,52184227/mt/1790772525/sparams/expire,ei,ip,id,itag,source,requiressl,ratebypass,live,sgoap,sgovp,rqh,xpc,bui,spc,vprv,reg,playlist_type/sig/AE0s2JYwRQIgHxsi8YjrTG2US2wmXwZ6GxYuT1-N958lgvlWGIR3BwsCIQDSeFJYBq1tmXhYo6iI5BznLlz_3jBCVmIf0sR7E0mN0w%3D%3D/lsparams/hls_chunk_host,initcwndbps,met,mh,mm,mn,ms,mv,mvi,pl,rms/lsig/APaTxxMwRAIgYr7dJrVki2ZheqtICvTfCWbXYfxHNelJilos4fNJSEUCIE4zx5oNUI7iKuIIiafHTrIRKTCmkSqwV8PldZ7zRXWH/playlist/index.m3u8","false","","","","true","1080p","1080","0","0","200","","1880","segment HTTP 403"
"live","youtube新聞台-025-華視戲劇頻道-1","025 華視戲劇頻道","youtube","","YouTube新聞台","https://manifest.googlevideo.com/api/manifest/hls_playlist/expire/1790794442/ei/aQa9asGxOsiXvcAPlabkuQc/ip/114.42.217.108/id/6ZowCmLBcMY.1/itag/96/source/yt_live_broadcast/requiressl/yes/ratebypass/yes/live/1/sgoap/gir%3Dyes%3Bitag%3D140/sgovp/gir%3Dyes%3Bitag%3D137/rqh/1/hls_chunk_host/rr5---sn-ipoxu-umbk.googlevideo.com/xpc/EgVo2aDSNQ%3D%3D/playlist_duration/30/manifest_duration/30/bui/AWzQHwp0s2B6om35tZP8CfQQ3N5F-qPoLsSrUFOdu7tbEx1XnvHiWEqlco4cnuUF5zh_SgE78nNMm9Z0/spc/I-rgIRjVveOdY2ak2Y31VTbvHTcL1lGpvIXfaxXR36U45Ao/vprv/1/reg/0/playlist_type/DVR/initcwndbps/2725375/met/1790772842,/mh/2X/mm/44/mn/sn-ipoxu-umbk/ms/lva/mv/m/mvi/5/pcm2cms/yes/pl/24/rms/lva,lva/dover/11/pacing/0/keepalive/yes/fexp/51565116,52112904,52184226,52250513/mt/1790772279/sparams/expire,ei,ip,id,itag,source,requiressl,ratebypass,live,sgoap,sgovp,rqh,xpc,playlist_duration,manifest_duration,bui,spc,vprv,reg,playlist_type/sig/AE0s2JYwRAIgLrcNEYIHWM6W_EiCN8xTm7pHHP0_xpw2BevWdannEe8CIDuzZNLCscSIj2-p9qxOUY0ajrQQOb3I5hU7lUv9cBlQ/lsparams/hls_chunk_host,initcwndbps,met,mh,mm,mn,ms,mv,mvi,pcm2cms,pl,rms/lsig/APaTxxMwRQIhAKqqYAOq5swskkWLK6ek90ryB7ctnDZtAsZ1omtba0QdAiACRBVbOmpJStpytP--XvMwvuEFS1jvZdeXZn2AHv_Djw%3D%3D/playlist/index.m3u8","false","","","","true","1080p","1080","0","0","200","","1786","segment HTTP 403"
"live","youtube購物台-027-momo購物二台-1","027 momo購物二台","youtube","","YouTube購物台","https://manifest.googlevideo.com/api/manifest/hls_playlist/expire/1790794446/ei/bga9asWLN7Kqpt8Pw66nyAg/ip/114.42.217.108/id/xbNWkUyxQGM.6/itag/95/source/yt_live_broadcast/requiressl/yes/ratebypass/yes/live/1/sgoap/gir%3Dyes%3Bitag%3D140/sgovp/gir%3Dyes%3Bitag%3D136/rqh/1/hls_chunk_host/rr5---sn-ipoxu-umbee.googlevideo.com/xpc/EgVo2aDSNQ%3D%3D/bui/AWzQHwoB8dCuJoeRGnTddem8PS9s6ZeyfF48tWxcqJokAsFnLKvzBW4SNfn5V1UWS-ZKDv34e2ZAI2cW/spc/I-rgIb6fQ3u9NYoRh3HkpPdY3Pq3Ik8_iboK3Vuin9jOuro/vprv/1/reg/0/playlist_type/DVR/initcwndbps/2752375/met/1790772847,/mh/I6/mm/44/mn/sn-ipoxu-umbee/ms/lva/mv/m/mvi/5/pl/24/rms/lva,lva/dover/11/pacing/0/keepalive/yes/fexp/51565115,52112904,52184226,52250512/mt/1790772525/sparams/expire,ei,ip,id,itag,source,requiressl,ratebypass,live,sgoap,sgovp,rqh,xpc,bui,spc,vprv,reg,playlist_type/sig/AE0s2JYwRAIgLYnqu8dyd_7FzhVFVrlp7D6N53LH7H3-OF_L1WSZVPcCIEcgaHZRaF7exIjvoRMpAHr6ZFhPZiVnBPp7FAZ7D8I8/lsparams/hls_chunk_host,initcwndbps,met,mh,mm,mn,ms,mv,mvi,pl,rms/lsig/APaTxxMwRQIhAOnOaEMvtm37xRy1SA6JKKQ4hRcQ89uwTnqwXrSqoZTCAiAZnI8eGQ3CCLeIpHqSRWrcHXnL9J-WmFaUHyTBrWJVbA%3D%3D/playlist/index.m3u8","false","","","","true","720p","720","0","0","200","","1750","segment HTTP 403"
"live","youtube購物台-028-東森購物台ch60-1","028 東森購物台CH60","youtube","","YouTube購物台","https://manifest.googlevideo.com/api/manifest/hls_playlist/expire/1790794450/ei/cga9arHpD8WW1d8P7uHqYA/ip/114.42.217.108/id/2IGZjBPTPT8.9/itag/95/source/yt_live_broadcast/requiressl/yes/ratebypass/yes/live/1/sgoap/gir%3Dyes%3Bitag%3D140/sgovp/gir%3Dyes%3Bitag%3D136/rqh/1/hls_chunk_host/rr2---sn-ipoxu-umbk.googlevideo.com/xpc/EgVo2aDSNQ%3D%3D/bui/AWzQHwoUYsKYvPiF49vJ2qF6b_78m51GUsd12kSm73bf9ZT74KNc3MODLaW4M0B8VjatRkPb7xqq71Bp/spc/I-rgIQx-0qnmLoDBEolufqJwIBDEX2HrCBQT9eFfJYNh0pA/vprv/1/reg/0/playlist_type/DVR/initcwndbps/2725375/met/1790772850,/mh/mc/mm/44/mn/sn-ipoxu-umbk/ms/lva/mv/m/mvi/2/pcm2cms/yes/pl/24/rms/lva,lva/dover/11/pacing/0/keepalive/yes/fexp/51565115,52112904,52184227,52227521/mt/1790772279/sparams/expire,ei,ip,id,itag,source,requiressl,ratebypass,live,sgoap,sgovp,rqh,xpc,bui,spc,vprv,reg,playlist_type/sig/AE0s2JYwRQIgIhrWVCE0g52S7TzpxIJ0-IlSSjUrB8kQTKU1blgklfgCIQCxJQJc-4Q0T7dXjkThtgTiXRf8nku1MZgTHKDqa9mSjw%3D%3D/lsparams/hls_chunk_host,initcwndbps,met,mh,mm,mn,ms,mv,mvi,pcm2cms,pl,rms/lsig/APaTxxMwRgIhAKQ0iHW2bA09JVN_vNGkz13umkcTVHIHLXkKDKkoXLaMAiEA3nGU60U-ZpjG3OZxGSlHQGUOJrKUCHt2sYKhF32RNfE%3D/playlist/index.m3u8","false","","","","true","720p","720","0","0","200","","1817","segment HTTP 403"
"live","youtube購物台-029-東森購物台ch46-1","029 東森購物台CH46","youtube","","YouTube購物台","https://manifest.googlevideo.com/api/manifest/hls_playlist/expire/1790794453/ei/dQa9aqCNMOuH2roP96TI0Ag/ip/114.42.217.108/id/tUvQg2HgIbs.6/itag/95/source/yt_live_broadcast/requiressl/yes/ratebypass/yes/live/1/sgoap/gir%3Dyes%3Bitag%3D140/sgovp/gir%3Dyes%3Bitag%3D136/rqh/1/hls_chunk_host/rr3---sn-ipoxu-umbk.googlevideo.com/xpc/EgVo2aDSNQ%3D%3D/bui/AWzQHwpLHluiFGMShGa2uZHR-jqMguFDoY6dTaiF6opE2GU87h804NInCTsvCIr0Mb04GlZ-SDLXfnXi/spc/I-rgIVjBoZCyh7AxJ0V9Ptd8v5NQqIvrn1B7lFf4gtaDCOQ/vprv/1/reg/0/playlist_type/DVR/initcwndbps/2725375/met/1790772853,/mh/LC/mm/44/mn/sn-ipoxu-umbk/ms/lva/mv/m/mvi/3/pl/24/rms/lva,lva/dover/11/pacing/0/keepalive/yes/fexp/51565116,52112904,52184226/mt/1790772279/sparams/expire,ei,ip,id,itag,source,requiressl,ratebypass,live,sgoap,sgovp,rqh,xpc,bui,spc,vprv,reg,playlist_type/sig/AE0s2JYwRgIhALUstOWKRCwvf2csQdHbJeBML-s83-IGK6RX_y0Y-X8EAiEAktdpKEldbCSfU4Q1pb9fKLu4AoNj0zqbnCjObiv6V7g%3D/lsparams/hls_chunk_host,initcwndbps,met,mh,mm,mn,ms,mv,mvi,pl,rms/lsig/APaTxxMwRQIhAJ1_z-B3xb84vTRJP_6ltcf75ONf7_hhjpA1OGqu2SagAiA8CKgjR25cSBVmq1fjNyqHW0m6IVwHaSH3axgPHS_Ocg%3D%3D/playlist/index.m3u8","false","","","","true","720p","720","0","0","200","","1849","segment HTTP 403"
"live","youtube購物台-031-東森購物台ch34-1","031 東森購物台CH34","youtube","","YouTube購物台","https://manifest.googlevideo.com/api/manifest/hls_playlist/expire/1790794460/ei/fAa9at6QEvm6mNMPh8zTyQ0/ip/114.42.217.108/id/J3t9N0vciPI.10/itag/95/source/yt_live_broadcast/requiressl/yes/ratebypass/yes/live/1/sgoap/gir%3Dyes%3Bitag%3D140/sgovp/gir%3Dyes%3Bitag%3D136/rqh/1/hls_chunk_host/rr3---sn-ipoxu-umbk.googlevideo.com/xpc/EgVo2aDSNQ%3D%3D/bui/AWzQHwpoe9OhtmgwQUKQymDU-lynkcr-sqK64qQb8d1m2fZLu6UuP9bYgo-YdjuotmGFC4qOzuhifo5a/spc/I-rgIYS-qF8RRvL4SYOGVs8JRtcjPNfDQmqXzT1XaiFEM8M/vprv/1/reg/0/playlist_type/DVR/initcwndbps/2752375/met/1790772860,/mh/15/mm/44/mn/sn-ipoxu-umbk/ms/lva/mv/m/mvi/3/pl/24/rms/lva,lva/dover/11/pacing/0/keepalive/yes/fexp/51565115,52112904,52184226,52250513/mt/1790772525/sparams/expire,ei,ip,id,itag,source,requiressl,ratebypass,live,sgoap,sgovp,rqh,xpc,bui,spc,vprv,reg,playlist_type/sig/AE0s2JYwRgIhALrzRMvktu-j0SCmHxSw_vUdcAIrbvO1wDnkvV6Co9y1AiEAgJMV4vpotaQPk2K7-6dMnl80N_E-LCkir4p-TGbLBOo%3D/lsparams/hls_chunk_host,initcwndbps,met,mh,mm,mn,ms,mv,mvi,pl,rms/lsig/APaTxxMwRAIgE3SyKI4RFCsLlzXyxU2GsP9AhkBUScoUzT2qEXewnGoCIGWt9H-mFj8NjMh9Ld-9Rm3lPwof_dCuXgZtWF07rJIB/playlist/index.m3u8","false","","","","true","720p","720","0","0","200","","1860","segment HTTP 403"
"live","youtube購物台-033-美好購物2台-1","033 美好購物2台","youtube","","YouTube購物台","https://manifest.googlevideo.com/api/manifest/hls_playlist/expire/1790794468/ei/gwa9apviO4bs2roPxsG20Ac/ip/114.42.217.108/id/MHoyggBaFW4.1/itag/96/source/yt_live_broadcast/requiressl/yes/ratebypass/yes/live/1/sgoap/gir%3Dyes%3Bitag%3D140/sgovp/gir%3Dyes%3Bitag%3D137/rqh/1/hls_chunk_host/rr1---sn-ipoxu-umbk.googlevideo.com/xpc/EgVo2aDSNQ%3D%3D/playlist_duration/30/manifest_duration/30/bui/AWzQHwqDHrq3csyR_XpGPKUtx_PktcfuFpIoFF_myD_eeeT8adxKlIHdOdFfGsdbUYX4338aBfdi6uNx/spc/I-rgIX-QRt4DIylEfrw0zS1teALZdRLKlcDaM5KO_w4ZIWo/vprv/1/reg/0/playlist_type/DVR/initcwndbps/2752375/met/1790772868,/mh/Kt/mm/44/mn/sn-ipoxu-umbk/ms/lva/mv/m/mvi/1/pl/24/rms/lva,lva/dover/11/pacing/0/keepalive/yes/fexp/51565115,52112904,52184226/mt/1790772525/sparams/expire,ei,ip,id,itag,source,requiressl,ratebypass,live,sgoap,sgovp,rqh,xpc,playlist_duration,manifest_duration,bui,spc,vprv,reg,playlist_type/sig/AE0s2JYwRQIgLnBH6BXQiO8qlzN4d32eY53PDgIoqVhjEo9_j_cLrdYCIQDXE6oC2LAKrjlCY-v7WTbvNBCr59_rQiYiuOd88I0Eww%3D%3D/lsparams/hls_chunk_host,initcwndbps,met,mh,mm,mn,ms,mv,mvi,pl,rms/lsig/APaTxxMwRQIgKsqwVkOPz1nMfOXbeKfDOdSfJRUCtw-alzsf_kgy9NUCIQCT0L711W7lHbAaSm7C07Jm2Xsmze43E1jEJIVDCsDMEg%3D%3D/playlist/index.m3u8","false","","","","true","1080p","1080","0","0","200","","1666","segment HTTP 403"
"live","youtube綜合娛樂-036-華視綜藝頻道-1","036 華視綜藝頻道","youtube","","YouTube綜合娛樂","https://manifest.googlevideo.com/api/manifest/hls_playlist/expire/1790794478/ei/jga9aq39BJWmvcAP7vic2Q0/ip/114.42.217.108/id/0ePhPlTJbGo.3/itag/96/source/yt_live_broadcast/requiressl/yes/ratebypass/yes/live/1/sgoap/gir%3Dyes%3Bitag%3D140/sgovp/gir%3Dyes%3Bitag%3D137/rqh/1/hls_chunk_host/rr1---sn-ipoxu-umbk.googlevideo.com/xpc/EgVo2aDSNQ%3D%3D/bui/AWzQHwoOt2TNfxpC9wwESL3_oRv4YkxwN4N_0SlQWG5ksp7Z1XyLW3XzxMdkp5UTOkrFNhEcVIj7TryP/spc/I-rgIRSTr7sIzMwmFxVth13IQxTDeixjt6qhPBgSEnWM7ozvWQ/vprv/1/reg/0/playlist_type/DVR/initcwndbps/2842875/met/1790772878,/mh/yB/mm/44/mn/sn-ipoxu-umbk/ms/lva/mv/m/mvi/1/pl/24/rms/lva,lva/dover/11/pacing/0/keepalive/yes/fexp/51565115,52112905,52184226/mt/1790772521/sparams/expire,ei,ip,id,itag,source,requiressl,ratebypass,live,sgoap,sgovp,rqh,xpc,bui,spc,vprv,reg,playlist_type/sig/AE0s2JYwRQIgAS_xOl4LdsTM3-NpCvk6IKGDYfaSsghbbW_Da_lC_gUCIQC7mLnzlq3l6UtKm7WOh-M0iRzc4K2oKMZaqJc9dwuUYw%3D%3D/lsparams/hls_chunk_host,initcwndbps,met,mh,mm,mn,ms,mv,mvi,pl,rms/lsig/APaTxxMwRQIgc0mugLiqVZpfr9KWRZ-1KD-BfTbVKPdtTCxIl44ZimoCIQCjWwd1yJESPHi7YVhDf_y1PkuxBhzgRALnPia0v3FoEw%3D%3D/playlist/index.m3u8","false","","","","true","1080p","1080","0","0","200","","1911","segment HTTP 403"
"live","youtube綜合娛樂-037-中視經典綜藝-1","037 中視經典綜藝","youtube","","YouTube綜合娛樂","https://manifest.googlevideo.com/api/manifest/hls_playlist/expire/1790794481/ei/kQa9auSzNr3D1d8P1pTdqAo/ip/114.42.217.108/id/ADDSmXoPDY8.6/itag/96/source/yt_live_broadcast/requiressl/yes/ratebypass/yes/live/1/sgoap/gir%3Dyes%3Bitag%3D140/sgovp/gir%3Dyes%3Bitag%3D137/rqh/1/hls_chunk_host/rr2---sn-ipoxu-umby.googlevideo.com/xpc/EgVo2aDSNQ%3D%3D/playlist_duration/30/manifest_duration/30/bui/AWzQHwp34K4r819s1NZOSaGjpDyVIf7ETlp2IaxUTFz6hE3PSntbBeO4t29xyaUTQNLQ0sBLig_Lf5L6/spc/I-rgIeCFjD_q-kmoe5hahocJmk__dAZQBAtMWjnmU-Au0OM/vprv/1/reg/0/playlist_type/DVR/initcwndbps/2752375/met/1790772882,/mh/vc/mm/44/mn/sn-ipoxu-umby/ms/lva/mv/m/mvi/2/pcm2cms/yes/pl/24/rms/lva,lva/dover/11/pacing/0/keepalive/yes/fexp/51565116,52112904,52184226/mt/1790772525/sparams/expire,ei,ip,id,itag,source,requiressl,ratebypass,live,sgoap,sgovp,rqh,xpc,playlist_duration,manifest_duration,bui,spc,vprv,reg,playlist_type/sig/AE0s2JYwRQIgZYmWqSOaa4KfJFsZ_wgiW4GehIce4C7_b0QxqEQnUFoCIQDQk65tQEULkCj6e4Zgd4W2c8Wk5XW03_h6GlGYuU8uAQ%3D%3D/lsparams/hls_chunk_host,initcwndbps,met,mh,mm,mn,ms,mv,mvi,pcm2cms,pl,rms/lsig/APaTxxMwRgIhAIL2-gPM3seYsaKHl0i18m1HAGRPHHb08cJ5gSpZNTCBAiEAxP4tfIytRbslX2iaOTOxe83gUi-It6m7YxCRuqBl870%3D/playlist/index.m3u8","false","","","","true","1080p","1080","0","0","200","","1744","segment HTTP 403"
"live","youtube綜合娛樂-040-豬哥會社-1","040 豬哥會社","youtube","","YouTube綜合娛樂","https://manifest.googlevideo.com/api/manifest/hls_playlist/expire/1790794490/ei/mga9aq7kKY3V9fwPnKTI2Qk/ip/114.42.217.108/id/v8MUGB4vst8.3/itag/96/source/yt_live_broadcast/requiressl/yes/ratebypass/yes/live/1/sgoap/gir%3Dyes%3Bitag%3D140/sgovp/gir%3Dyes%3Bitag%3D137/rqh/1/hls_chunk_host/rr1---sn-ipoxu-umbee.googlevideo.com/xpc/EgVo2aDSNQ%3D%3D/bui/AWzQHwr5yKZVYuJwreZHh4MDsZnWHbmBj4JhsEklQlyPhhIuNwAKXEgqHfMpBNsT8EhLbY6euNSYqTxY/spc/I-rgITzTWoRYFAoyxcPVD4pVX8RdxWsZK1h6zf6sMQF1Kermbg/vprv/1/reg/0/playlist_type/DVR/initcwndbps/2752375/met/1790772890,/mh/PK/mm/44/mn/sn-ipoxu-umbee/ms/lva/mv/m/mvi/1/pl/24/rms/lva,lva/dover/11/pacing/0/keepalive/yes/fexp/51565115,52112905,52184227/mt/1790772525/sparams/expire,ei,ip,id,itag,source,requiressl,ratebypass,live,sgoap,sgovp,rqh,xpc,bui,spc,vprv,reg,playlist_type/sig/AE0s2JYwRAIgVUVgnBvZn7MdFdZTat9nNL1DpBiwpgNqJefukUgh_Z0CIGNl0D50x6iMg4jwoa32OgvCRMmITOYt3jURpLOrTQZS/lsparams/hls_chunk_host,initcwndbps,met,mh,mm,mn,ms,mv,mvi,pl,rms/lsig/APaTxxMwRAIgbAOCBVw2r42wjDBVL-4MkH3_h8QJwhnw8dDsiHjIiEwCIEAEGrhODi168fHau80WMAZpMw2sze9RX_ecsnIpZUor/playlist/index.m3u8","false","","","","true","1080p","1080","0","0","200","","1862","segment HTTP 403"
"live","youtube綜合娛樂-042-民視戲劇館-1","042 民視戲劇館","youtube","","YouTube綜合娛樂","https://manifest.googlevideo.com/api/manifest/hls_playlist/expire/1790794497/ei/oQa9aqv2DZXM2roPu7HEsAw/ip/114.42.217.108/id/NyrdWXddfR4.2/itag/96/source/yt_live_broadcast/requiressl/yes/ratebypass/yes/live/1/sgoap/gir%3Dyes%3Bitag%3D140/sgovp/gir%3Dyes%3Bitag%3D137/rqh/1/hls_chunk_host/rr4---sn-ipoxu-umbk.googlevideo.com/xpc/EgVo2aDSNQ%3D%3D/bui/AWzQHwq1EfuttZApT4_KX6Y-b6hNT5ZmkV76tmQj3LqpwspJZOXwjOzXcYzoh3uODFnkmzHBKVOge1Gg/spc/I-rgIVZ-p2M8aUsuPLKVSsjLCgq3oqA6on4PeVYbifQyTfQ/vprv/1/reg/0/playlist_type/DVR/initcwndbps/2752375/met/1790772897,/mh/h5/mm/44/mn/sn-ipoxu-umbk/ms/lva/mv/m/mvi/4/pl/24/rms/lva,lva/dover/11/pacing/0/keepalive/yes/fexp/51565115,52112904,52184226/mt/1790772525/sparams/expire,ei,ip,id,itag,source,requiressl,ratebypass,live,sgoap,sgovp,rqh,xpc,bui,spc,vprv,reg,playlist_type/sig/AE0s2JYwRQIhALrni3FvF7Yy3BhHX1FCI8Za6eFGD2QxUf83siB9o6TtAiBQBmmm4vTvzllKK8bHLEgjgoRbdomX8E7Y3bFn1DCWWw%3D%3D/lsparams/hls_chunk_host,initcwndbps,met,mh,mm,mn,ms,mv,mvi,pl,rms/lsig/APaTxxMwRgIhAPFNJg-24QG3UhRH6_I3rMpHerMS6xACqpl4TsIFdRjUAiEA4pSYLP299V5zoWXhCVwm0RZ6khIU6HA3NrC7F5MVqtE%3D/playlist/index.m3u8","false","","","","true","1080p","1080","0","0","200","","1853","segment HTTP 403"
"live","youtube綜合娛樂-043-entertainment-mediacorp-1","043 Entertainment - Mediacorp","youtube","","YouTube綜合娛樂","https://manifest.googlevideo.com/api/manifest/hls_playlist/expire/1790794500/ei/pAa9auHBLdna3LUPoOnmqAE/ip/114.42.217.108/id/ipqTkEH3mhE.7/itag/96/source/yt_live_broadcast/requiressl/yes/ratebypass/yes/live/1/sgoap/gir%3Dyes%3Bitag%3D140/sgovp/gir%3Dyes%3Bitag%3D137/rqh/1/hls_chunk_host/rr1---sn-ipoxu-umbee.googlevideo.com/xpc/EgVo2aDSNQ%3D%3D/bui/AWzQHwrMiNJ5HVcRQ4VmpuUPRCyW8S7d6_KB6YdsdmbQKiG-lNXUInRcI71Yx6p4bySTttidhx0d34Tj/spc/I-rgId-OJIIIbGFNbsVmOiEJLaxBYK38_nKy_wnUR_0qS1vinQ/vprv/1/reg/0/playlist_type/DVR/initcwndbps/2752375/met/1790772900,/mh/7T/mm/44/mn/sn-ipoxu-umbee/ms/lva/mv/m/mvi/1/pl/24/rms/lva,lva/dover/11/pacing/0/keepalive/yes/fexp/51565116,52112905,52184227/mt/1790772525/sparams/expire,ei,ip,id,itag,source,requiressl,ratebypass,live,sgoap,sgovp,rqh,xpc,bui,spc,vprv,reg,playlist_type/sig/AE0s2JYwRQIgBcoULydSO78JfiIESymXZimjhqRUDBseP8J2GQ23fGwCIQC1hXuGxYVGCCJNW4BOrWryhvLFSfuxajVRk7vHT6HKnw%3D%3D/lsparams/hls_chunk_host,initcwndbps,met,mh,mm,mn,ms,mv,mvi,pl,rms/lsig/APaTxxMwRgIhAN92AqmZUIRxI6BMCZoaLJUWuaw45KOe5-9KPHpwXKI7AiEAgsfqUgpHlDRLLPwXyc2nuNcCd_sfgAMv_j8WuPgB2SA%3D/playlist/index.m3u8","false","","","","true","1080p","1080","0","0","200","","1529","segment HTTP 403"
"live","youtube綜合娛樂-044-東森綜合2台頻道-24-小時直播-1","044 東森綜合2台頻道 24 小時直播","youtube","","YouTube綜合娛樂","https://manifest.googlevideo.com/api/manifest/hls_playlist/expire/1790794504/ei/qAa9asGfMI7a3LUPy6HVYA/ip/114.42.217.108/id/cimbpAZUjzw.4/itag/96/source/yt_live_broadcast/requiressl/yes/ratebypass/yes/live/1/sgoap/gir%3Dyes%3Bitag%3D140/sgovp/gir%3Dyes%3Bitag%3D137/rqh/1/hls_chunk_host/rr3---sn-ipoxu-umby.googlevideo.com/xpc/EgVo2aDSNQ%3D%3D/playlist_duration/30/manifest_duration/30/bui/AWzQHwq32dx-Zryf6OwzXnidPtOTJ59NgpS4NeAoC9R8Ma_50mBvJ5H0wgPwmbV6WuyWKtUxtciYODn9/spc/I-rgIYtWthReuzAM5ARl7-ja1tt0unj_gJp8NYrZVWFc4vupXA/vprv/1/reg/0/playlist_type/DVR/initcwndbps/2752375/met/1790772904,/mh/vj/mm/44/mn/sn-ipoxu-umby/ms/lva/mv/m/mvi/3/pcm2cms/yes/pl/24/rms/lva,lva/dover/11/pacing/0/keepalive/yes/fexp/51565115,52112905,52184226,52250513/mt/1790772525/sparams/expire,ei,ip,id,itag,source,requiressl,ratebypass,live,sgoap,sgovp,rqh,xpc,playlist_duration,manifest_duration,bui,spc,vprv,reg,playlist_type/sig/AE0s2JYwRQIhAIfkWlGXc4QhsJ5BcWDUPzKm3O3TNuedKkj1w2KwB0S2AiAM0SvztmsPbIIjdQR5RoAkgTtGs-8i01L8tOU7-c9vYg%3D%3D/lsparams/hls_chunk_host,initcwndbps,met,mh,mm,mn,ms,mv,mvi,pcm2cms,pl,rms/lsig/APaTxxMwRgIhAMGeILk423XBCQgRdCO0RRb6Nqc1MAGNINNq63PmKAP-AiEA2SKnWORXOcCgI028qkqiWdkAm7kHwwQH_me5xviLa2Y%3D/playlist/index.m3u8","false","","","","true","1080p","1080","0","0","200","","1575","segment HTTP 403"
"live","youtube國際新聞-046-dw-news-1","046 DW News","youtube","","YouTube國際新聞","https://manifest.googlevideo.com/api/manifest/hls_playlist/expire/1790794509/ei/rQa9av7gMM3h1d8PutWTyA0/ip/114.42.217.108/id/LuKwFajn37U.542/itag/301/source/yt_live_broadcast/requiressl/yes/ratebypass/yes/live/1/sgoap/gir%3Dyes%3Bitag%3D140/sgovp/gir%3Dyes%3Bitag%3D299/rqh/1/hls_chunk_host/rr2---sn-ipoxu-umby.googlevideo.com/xpc/EgVo2aDSNQ%3D%3D/bui/AWzQHwp7Y6CI9_lhiVuLuKdh2SSC-5T-odQnZd_91JRwIX1YGXy5wX8NkCPoACfhb_vVqMrDs10VD15I/spc/I-rgIZUM9OawGtxNWNM41O_KGcuG4ikMQrTP2qWTv0cqP7fSSw/vprv/1/reg/0/playlist_type/DVR/initcwndbps/2752375/met/1790772909,/mh/sz/mm/44/mn/sn-ipoxu-umby/ms/lva/mv/m/mvi/2/pl/24/rms/lva,lva/dover/11/pacing/0/keepalive/yes/fexp/51565116,52112905,52184227/mt/1790772525/sparams/expire,ei,ip,id,itag,source,requiressl,ratebypass,live,sgoap,sgovp,rqh,xpc,bui,spc,vprv,reg,playlist_type/sig/AE0s2JYwRQIgDottLXmiIae6mx4JpwgIaGSk9Y-G3RpGpo6wo9XA38gCIQD0sHQhRiFtLzvIrQAE4wds9PxzD9E9hlMZQrPVJu51yA%3D%3D/lsparams/hls_chunk_host,initcwndbps,met,mh,mm,mn,ms,mv,mvi,pl,rms/lsig/APaTxxMwRgIhAI5rrgKmwnlLmxsrZMRreed5GUSyDZUaVvWZqxCftMIeAiEA4Nfsus0dGNDx-h4dJYug_YIemjvwDbIIXbJ75VsUg3Y%3D/playlist/index.m3u8","false","","","","true","1080p","1080","0","0","200","","1535","segment HTTP 403"
"live","youtube國際新聞-047-al-jazeera-arabic-1","047 Al Jazeera Arabic","youtube","","YouTube國際新聞","https://manifest.googlevideo.com/api/manifest/hls_playlist/expire/1790794514/ei/sga9aqH3BdW19fwPq7LNiQM/ip/114.42.217.108/id/N8xxOD0nT1Y.2/itag/96/source/yt_live_broadcast/requiressl/yes/ratebypass/yes/live/1/sgoap/gir%3Dyes%3Bitag%3D140/sgovp/gir%3Dyes%3Bitag%3D137/rqh/1/hls_chunk_host/rr4---sn-ipoxu-umbee.googlevideo.com/xpc/EgVo2aDSNQ%3D%3D/gcr/tw/bui/AWzQHwrqeUuaRSvEEsNFjtr-TpDKAuELSSMt3ChpzitDKjsUNjW2YKb2z5g4oS3g9XRDzeGhzMLwspdi/spc/I-rgIaNdhWb-aGaIO6iJE2PpiqknZFkaBvlUQGS_iPJioKc/vprv/1/reg/0/playlist_type/DVR/initcwndbps/2752375/met/1790772914,/mh/u1/mm/44/mn/sn-ipoxu-umbee/ms/lva/mv/m/mvi/4/pl/24/rms/lva,lva/dover/11/pacing/0/keepalive/yes/fexp/51565115,52112904,52184227/mt/1790772525/sparams/expire,ei,ip,id,itag,source,requiressl,ratebypass,live,sgoap,sgovp,rqh,xpc,gcr,bui,spc,vprv,reg,playlist_type/sig/AE0s2JYwRQIgU1ialDMjGtDNbDuMeekqFlNztC5hNUfeC36AFvV_8JsCIQClp3RbihJuxXOCNBf5fQu_X59AO-MquDQ8yscBKZ9-RA%3D%3D/lsparams/hls_chunk_host,initcwndbps,met,mh,mm,mn,ms,mv,mvi,pl,rms/lsig/APaTxxMwRQIhAL0ZsjCDbqw4Dq1xH5u61_gI8ONyIIw07_jcRdVhR0uOAiAqtKXmAr9r31P_RWx-IvQMPL1mef6EiksD-dngKj-I2w%3D%3D/playlist/index.m3u8","false","","","","true","1080p","1080","0","0","200","","974","segment HTTP 403"
"live","youtube國際新聞-049-live-now-1","049 LIVE NOW","youtube","","YouTube國際新聞","https://manifest.googlevideo.com/api/manifest/hls_playlist/expire/1790794521/ei/uAa9asyYO9KWvcAPorGBiQo/ip/114.42.217.108/id/vNVp6bxkL1c.2/itag/96/source/yt_live_broadcast/requiressl/yes/ratebypass/yes/live/1/sgoap/gir%3Dyes%3Bitag%3D140/sgovp/gir%3Dyes%3Bitag%3D137/rqh/1/hls_chunk_host/rr2---sn-ipoxu-umbee.googlevideo.com/xpc/EgVo2aDSNQ%3D%3D/playlist_duration/30/manifest_duration/30/bui/AWzQHwpTZsrOb9MZcEHl0yIJrehlYSUsIAAxnlecA9ghXZ7VhYqD9vZXoaHSNctoPhwuG4pJQosD_K9L/spc/I-rgIffYm2mls4-3nSDoXZ4kPZ24Aj3vxDTWOIPnaCNTjOyhcQ/vprv/1/reg/0/playlist_type/DVR/initcwndbps/2752375/met/1790772921,/mh/MK/mm/44/mn/sn-ipoxu-umbee/ms/lva/mv/m/mvi/2/pl/24/rms/lva,lva/dover/11/pacing/0/keepalive/yes/fexp/51565116,52112905,52184227,52250512/mt/1790772525/sparams/expire,ei,ip,id,itag,source,requiressl,ratebypass,live,sgoap,sgovp,rqh,xpc,playlist_duration,manifest_duration,bui,spc,vprv,reg,playlist_type/sig/AE0s2JYwRQIgCxRagUppdvfK3NqMXPZ_4SRPwq29JNjKVZ0hjDXL4pUCIQCUTS7r9KK0FoccR0RiAShDji4nofTmjZJmPco3BDgAKA%3D%3D/lsparams/hls_chunk_host,initcwndbps,met,mh,mm,mn,ms,mv,mvi,pl,rms/lsig/APaTxxMwRQIgdDFFELDeFzP3_eFKQTXaOj3WkpwZWHAsj-Ovm9mfvHsCIQC-KzK_hFm1KYwIQBnsFo3U33DgVn3q0uh1TSeHcTrseA%3D%3D/playlist/index.m3u8","false","","","","true","1080p","1080","0","0","200","","1772","segment HTTP 403"
"live","youtube國際新聞-050-haberturk-tv-1","050 Haberturk TV","youtube","","YouTube國際新聞","https://manifest.googlevideo.com/api/manifest/hls_playlist/expire/1790794524/ei/vAa9atLICqucvcAPtM-p0Qw/ip/114.42.217.108/id/s4KIyYkwiM0.1/itag/96/source/yt_live_broadcast/requiressl/yes/ratebypass/yes/live/1/sgoap/gir%3Dyes%3Bitag%3D140/sgovp/gir%3Dyes%3Bitag%3D137/rqh/1/hls_chunk_host/rr2---sn-ipoxu-umby.googlevideo.com/xpc/EgVo2aDSNQ%3D%3D/playlist_duration/30/manifest_duration/30/gcr/tw/bui/AWzQHwpfFkY4vLL8uAi0H2eNPHvY1fnoEoIxxjDxw8rUcI_kLQmXAMmxgV2QhBGJUeMNweVu-rRf6tk-/spc/I-rgIXuOUeiMmDi6i5CZA71FDJwuOmmMaeGCNsFqQlh_eFo/vprv/1/reg/0/playlist_type/DVR/initcwndbps/2752375/met/1790772924,/mh/vw/mm/44/mn/sn-ipoxu-umby/ms/lva/mv/m/mvi/2/pl/24/rms/lva,lva/dover/11/pacing/0/keepalive/yes/fexp/51565116,52112904,52184226/mt/1790772525/sparams/expire,ei,ip,id,itag,source,requiressl,ratebypass,live,sgoap,sgovp,rqh,xpc,playlist_duration,manifest_duration,gcr,bui,spc,vprv,reg,playlist_type/sig/AE0s2JYwRAIgXHTWGF7COjRcfZ4bIpwhZk1Hpj2XnltrqAtRW1kY5hgCIDMZNp9ASyvRMrCN23BfULdyiiBQfcepUpfX6INST8fx/lsparams/hls_chunk_host,initcwndbps,met,mh,mm,mn,ms,mv,mvi,pl,rms/lsig/APaTxxMwRQIgHGDeaVdpwuUAiPsfNzT3177kEyL-l3d4PZ73uwN3ND4CIQD_DuFNbIW8bOSKHRXn32jW9uTPkW1cJBK5LkcD9HFv3w%3D%3D/playlist/index.m3u8","false","","","","true","1080p","1080","0","0","200","","1136","segment HTTP 403"
"live","youtube國際新聞-053-euronews-english-1","053 Euronews English","youtube","","YouTube國際新聞","https://manifest.googlevideo.com/api/manifest/hls_playlist/expire/1790794534/ei/xga9apfbEtzb3LUP27nQiQ8/ip/114.42.217.108/id/pykpO5kQJ98.6/itag/95/source/yt_live_broadcast/requiressl/yes/ratebypass/yes/live/1/sgoap/gir%3Dyes%3Bitag%3D140/sgovp/gir%3Dyes%3Bitag%3D136/rqh/1/hls_chunk_host/rr5---sn-ipoxu-umbee.googlevideo.com/xpc/EgVo2aDSNQ%3D%3D/gcr/tw/bui/AWzQHwqDB2Bx3pbc6Rb6UYftMVBbjMhdZoSKNIpNOLs6hVWxrLdNmUdzxSgA_Mb9BTwuKi3VzPLzAqNx/spc/I-rgIdjMMYzDmHhtk36c445x7wZCBnMNHM8oiIqriNje9s6d9w/vprv/1/reg/0/playlist_type/DVR/initcwndbps/2752375/met/1790772934,/mh/PN/mm/44/mn/sn-ipoxu-umbee/ms/lva/mv/m/mvi/5/pl/24/rms/lva,lva/dover/11/pacing/0/keepalive/yes/fexp/51565116,52112905,52184227/mt/1790772525/sparams/expire,ei,ip,id,itag,source,requiressl,ratebypass,live,sgoap,sgovp,rqh,xpc,gcr,bui,spc,vprv,reg,playlist_type/sig/AE0s2JYwRAIgecQ7i3epCN633-QDOLJIsLIoBu8nuAB14UBnKR7zQF0CIFFmMCP4NSmOC2MysdEvlEJTqCQ27c8Y40ST4PyyHSpl/lsparams/hls_chunk_host,initcwndbps,met,mh,mm,mn,ms,mv,mvi,pl,rms/lsig/APaTxxMwRgIhAP5IpSRCoUtEBS495GIwLofnvJ8cww_MKhXoj5rhcLUDAiEAuhNMV9-VVfg1-_3emB1B0AzlkLZMJ2OjG4gyZeKTYTQ%3D/playlist/index.m3u8","false","","","","true","720p","720","0","0","200","","1287","segment HTTP 403"
"live","youtube國際新聞-054-france-24-english-1","054 FRANCE 24 English","youtube","","YouTube國際新聞","https://manifest.googlevideo.com/api/manifest/hls_playlist/expire/1790794538/ei/yga9asniGNHnpskPmPKMyAw/ip/114.42.217.108/id/HvZt-nh9sGg.2/itag/96/source/yt_live_broadcast/requiressl/yes/ratebypass/yes/live/1/sgoap/gir%3Dyes%3Bitag%3D140/sgovp/gir%3Dyes%3Bitag%3D137/rqh/1/hls_chunk_host/rr1---sn-ipoxu-umbk.googlevideo.com/xpc/EgVo2aDSNQ%3D%3D/bui/AWzQHwrJy1QRetwQ2KWY403Wgnr4TmEnD2-K9xOdNBmQL0CyYcqa8RX8NSpgLXaYObEm2mL5apwU7SMM/spc/I-rgIftOanX5uQfafJGFlnq3tm6HGbUirqPZ6VFIQsJ4YxY/vprv/1/reg/0/playlist_type/DVR/initcwndbps/2752375/met/1790772938,/mh/Gh/mm/44/mn/sn-ipoxu-umbk/ms/lva/mv/m/mvi/1/pl/24/rms/lva,lva/dover/11/pacing/0/keepalive/yes/fexp/51565115,52112904,52184227/mt/1790772525/sparams/expire,ei,ip,id,itag,source,requiressl,ratebypass,live,sgoap,sgovp,rqh,xpc,bui,spc,vprv,reg,playlist_type/sig/AE0s2JYwRQIgEtSZ59gXU0x7bsxAe1why9UU4wOsVgeC1fEo-o-ux1QCIQCL4qBBPo64KMw-oW_FQHAd4YpPcxhL1f2sxdzfevakyw%3D%3D/lsparams/hls_chunk_host,initcwndbps,met,mh,mm,mn,ms,mv,mvi,pl,rms/lsig/APaTxxMwRAIgCrNJmzok3hfk4gU9Uyh6FyKaEbg7Zucw7LqDuKSTkzECIACTGm5muIqV9Ie97ERVeNJyE0p9Hpw4yoAOLB4AoVgB/playlist/index.m3u8","false","","","","true","1080p","1080","0","0","200","","1886","segment HTTP 403"
"live","youtube國際新聞-056-al-jazeera-english-1","056 Al Jazeera English","youtube","","YouTube國際新聞","https://manifest.googlevideo.com/api/manifest/hls_playlist/expire/1790794545/ei/0Qa9ata3GZre2roPypHPwAQ/ip/114.42.217.108/id/gCNeDWCI0vo.5/itag/96/source/yt_live_broadcast/requiressl/yes/ratebypass/yes/live/1/sgoap/gir%3Dyes%3Bitag%3D140/sgovp/gir%3Dyes%3Bitag%3D137/rqh/1/hls_chunk_host/rr5---sn-ipoxu-umbee.googlevideo.com/xpc/EgVo2aDSNQ%3D%3D/gcr/tw/bui/AWzQHwqzMUezmC21f7VGS_CSGa2kEQqS0arWkLOwe0anTzlyBCR_BlZGvi14yG8ZmFgBfFgSV18GMFWo/spc/I-rgIXI-6-kE027fWKTnzqE2O811Kz5qDXIndhz6K1cLudPN1Q/vprv/1/reg/0/playlist_type/DVR/initcwndbps/2752375/met/1790772945,/mh/Dn/mm/44/mn/sn-ipoxu-umbee/ms/lva/mv/m/mvi/5/pl/24/rms/lva,lva/dover/11/pacing/0/keepalive/yes/fexp/51565115,52112905,52184226/mt/1790772525/sparams/expire,ei,ip,id,itag,source,requiressl,ratebypass,live,sgoap,sgovp,rqh,xpc,gcr,bui,spc,vprv,reg,playlist_type/sig/AE0s2JYwRAIgXAe6OmcrQKJrEQGgimAXfV8YpPIwl_75o9aVHWuWPaUCIBAgzVrkna8xgPugxi1IXfZuEE22PD-FSAtWrnO5uncI/lsparams/hls_chunk_host,initcwndbps,met,mh,mm,mn,ms,mv,mvi,pl,rms/lsig/APaTxxMwRAIgNhG1Ke2wK-GuCK9WRSfT0rKLUab154Qnah665MNs7EQCIDp8xFMegjNZG8-rAwaJxfBtQI9V_XHJHUyBi1K5Yiv-/playlist/index.m3u8","false","","","","true","1080p","1080","0","0","200","","1330","segment HTTP 403"
"live","youtube亞洲新聞-062-asianet-news-1","062 Asianet News","youtube","","YouTube亞洲新聞","https://manifest.googlevideo.com/api/manifest/hls_playlist/expire/1790794562/ei/4ga9aqPGJZuU1d8P1dKaGQ/ip/114.42.217.108/id/s0LLVQeMmtU.11/itag/96/source/yt_live_broadcast/requiressl/yes/ratebypass/yes/live/1/sgoap/gir%3Dyes%3Bitag%3D140/sgovp/gir%3Dyes%3Bitag%3D137/rqh/1/hls_chunk_host/rr4---sn-ipoxu-umby.googlevideo.com/xpc/EgVo2aDSNQ%3D%3D/bui/AWzQHwouFdjtfLFkaoBOI2CkA_QGcmUaxdGBith8_eQQPQMfaH6-UlIlo_lqFAoYQ_Y0odplfWCvleDm/spc/I-rgIagnP0ZzxFZFooXEWw_bWlCZC-ea644x9LC6e_-0768_vg/vprv/1/reg/0/playlist_type/DVR/initcwndbps/2752375/met/1790772962,/mh/m2/mm/44/mn/sn-ipoxu-umby/ms/lva/mv/m/mvi/4/pcm2cms/yes/pl/24/rms/lva,lva/dover/11/pacing/0/keepalive/yes/fexp/51565115,52112905,52184226,52227521/mt/1790772525/sparams/expire,ei,ip,id,itag,source,requiressl,ratebypass,live,sgoap,sgovp,rqh,xpc,bui,spc,vprv,reg,playlist_type/sig/AE0s2JYwRAIga-oUI_DQqQxOZdBiGSIytIk4k1AprQCGyagdguaBwhYCIFDiPV_YRzO1m_wL894ufWfcG7bZerD_IgFca3JdpF8S/lsparams/hls_chunk_host,initcwndbps,met,mh,mm,mn,ms,mv,mvi,pcm2cms,pl,rms/lsig/APaTxxMwRQIhAKI1knF0Rcda8VxFVQYG9YXz5JXTEpvPMJYaQU3H9VIZAiAYSf9P2jNnYjHpcVV0_9j8NFEjp9mzt42aenX5jWKQBg%3D%3D/playlist/index.m3u8","false","","","","true","1080p","1080","0","0","200","","1898","segment HTTP 403"
"live","youtube亞洲新聞-064-astro-awani-1","064 Astro AWANI","youtube","","YouTube亞洲新聞","https://manifest.googlevideo.com/api/manifest/hls_playlist/expire/1790794568/ei/6Aa9apHNFpHKssUPs5Ts4Qs/ip/114.42.217.108/id/mkVyNaGee8A.2/itag/95/source/yt_live_broadcast/requiressl/yes/ratebypass/yes/live/1/sgoap/gir%3Dyes%3Bitag%3D140/sgovp/gir%3Dyes%3Bitag%3D136/rqh/1/hls_chunk_host/rr3---sn-ipoxu-umbk.googlevideo.com/xpc/EgVo2aDSNQ%3D%3D/bui/AWzQHwq74RDL4DtLtflV2XN8yFObuBSTOxMKtZxxthZy4-Xg1YgidqRaJfv-rElXqmpbQ1ixN3IfSKXe/spc/I-rgISMcpV9w7eh86cTeyM2a58gjK-9ToQCI4N9Kje1K8Mw/vprv/1/reg/0/playlist_type/DVR/initcwndbps/2752375/met/1790772968,/mh/Yt/mm/44/mn/sn-ipoxu-umbk/ms/lva/mv/m/mvi/3/pl/24/rms/lva,lva/dover/11/pacing/0/keepalive/yes/fexp/51565116,52112904,52184226/mt/1790772525/sparams/expire,ei,ip,id,itag,source,requiressl,ratebypass,live,sgoap,sgovp,rqh,xpc,bui,spc,vprv,reg,playlist_type/sig/AE0s2JYwRQIhAIJbukQcCCsZHB6Bo6eHt8kZte6jHy4WuVP2PYXeKTtVAiASNGO6yaOZFxaOnluXNkcuzVEuSOvxYY2YjmN1oNomJQ%3D%3D/lsparams/hls_chunk_host,initcwndbps,met,mh,mm,mn,ms,mv,mvi,pl,rms/lsig/APaTxxMwRQIhAMLGTEGf4O0siuWyqGOi0v1om5jg86dTsM9IutaK1SKLAiARq4cE1PZMly4fWMyX4HUbDmOxB0E91qNs094YkBZ7PQ%3D%3D/playlist/index.m3u8","false","","","","true","720p","720","0","0","200","","1771","segment HTTP 403"
"live","youtube亞洲新聞-067-mediaonetv-live-1","067 MediaoneTV Live","youtube","","YouTube亞洲新聞","https://manifest.googlevideo.com/api/manifest/hls_playlist/expire/1790794578/ei/8ga9av6RAt-NqL8P_62BkAo/ip/114.42.217.108/id/-8d8-c0yvyU.16/itag/96/source/yt_live_broadcast/requiressl/yes/ratebypass/yes/live/1/sgoap/gir%3Dyes%3Bitag%3D140/sgovp/gir%3Dyes%3Bitag%3D137/rqh/1/hls_chunk_host/rr5---sn-ipoxu-umby.googlevideo.com/xpc/EgVo2aDSNQ%3D%3D/bui/AWzQHwoPeVvIQis_66gQ-VyQfMJUI7hCN0_eik19C9kiKNULIowBL_8RnVyFW_p0QREj7qoqKrjLlDiC/spc/I-rgIR9Fv6nUpkXYBL9NMd3StD6DBydqVYJ7HpYGH8GFqBkuTQ/vprv/1/reg/0/playlist_type/DVR/initcwndbps/2752375/met/1790772978,/mh/Rs/mm/44/mn/sn-ipoxu-umby/ms/lva/mv/m/mvi/5/pl/24/rms/lva,lva/dover/11/pacing/0/keepalive/yes/fexp/51565115,52112905,52184227/mt/1790772525/sparams/expire,ei,ip,id,itag,source,requiressl,ratebypass,live,sgoap,sgovp,rqh,xpc,bui,spc,vprv,reg,playlist_type/sig/AE0s2JYwRAIgVsPunT8TrxX3v9qSvYvlk6eWBYWrJPFZJxJ6_VbXnFICIAkcJop8vmt87gK51GGI6hhuEYoNdOmiZYBUrbAYS0ZN/lsparams/hls_chunk_host,initcwndbps,met,mh,mm,mn,ms,mv,mvi,pl,rms/lsig/APaTxxMwRAIgcDUhsW-bP8OHs3nGIrrMR1gGPtoidWSsgD4OwZzg-x4CIGL-KVkNbLb95RlYAEJBTHetS9u9ZBmni6mVx9NSeO97/playlist/index.m3u8","false","","","","true","1080p","1080","0","0","200","","1819","segment HTTP 403"
"live","youtube亞洲新聞-070-malayalam-news-1","070 Malayalam News","youtube","","YouTube亞洲新聞","https://manifest.googlevideo.com/api/manifest/hls_playlist/expire/1790794586/ei/-ga9arj2G7uw2roPkdWCyAM/ip/114.42.217.108/id/1wECsnGZcfc.6/itag/96/source/yt_live_broadcast/requiressl/yes/ratebypass/yes/live/1/sgoap/gir%3Dyes%3Bitag%3D140/sgovp/gir%3Dyes%3Bitag%3D137/rqh/1/hls_chunk_host/rr4---sn-ipoxu-umbk.googlevideo.com/xpc/EgVo2aDSNQ%3D%3D/bui/AWzQHwqSyzFC1OIlvo7mr0AtctV_8o-jWG3jbpSYZOpGPLxjYou9fJsv1gaYYFGuLtptfkJzu5bcnjgN/spc/I-rgIbkPAGu09nBxoHOc-qkyWU_z6QqAJCSEtdgukVFYpxU/vprv/1/reg/0/playlist_type/DVR/initcwndbps/2752375/met/1790772986,/mh/2r/mm/44/mn/sn-ipoxu-umbk/ms/lva/mv/m/mvi/4/pl/24/rms/lva,lva/dover/11/pacing/0/keepalive/yes/fexp/51565116,52112904,52184227/mt/1790772525/sparams/expire,ei,ip,id,itag,source,requiressl,ratebypass,live,sgoap,sgovp,rqh,xpc,bui,spc,vprv,reg,playlist_type/sig/AE0s2JYwRgIhANbphVzjYu6pozR-LJ2WFmRDLOSgzBeFJ0UYiLqwlL4XAiEApLwEFhiWVg1APf4sZ9FM6NGuZw05KDziqc5TMZo8UJs%3D/lsparams/hls_chunk_host,initcwndbps,met,mh,mm,mn,ms,mv,mvi,pl,rms/lsig/APaTxxMwRQIgQBrnSP5pd5ejf8CHJLst4v75KmDYcoQ5L5P5mGZ651ACIQCPBzCEWNtkWv8SJvC4LP8OzvMr7sxU9ut6SKuhl1qmbg%3D%3D/playlist/index.m3u8","false","","","","true","1080p","1080","0","0","200","","1775","segment HTTP 403"
"live","youtube亞洲新聞-072-htb北海道ニュース-1","072 HTB北海道ニュース","youtube","","YouTube亞洲新聞","https://manifest.googlevideo.com/api/manifest/hls_playlist/expire/1790794593/ei/AQe9au6nJNWPpt8Py-C-wQE/ip/114.42.217.108/id/tvgbZZYS4Nk.46/itag/96/source/yt_live_broadcast/requiressl/yes/ratebypass/yes/live/1/sgoap/gir%3Dyes%3Bitag%3D140/sgovp/gir%3Dyes%3Bitag%3D137/rqh/1/hls_chunk_host/rr2---sn-ipoxu-umby.googlevideo.com/xpc/EgVo2aDSNQ%3D%3D/playlist_duration/30/manifest_duration/30/bui/AWzQHwoeNOunjPjzDwtgUSQT4yO2rdaYZpZ8KeNnrN3aWmXXgpyNaf9ZsorMvPhFE6DjGEEuUo08QLTn/spc/I-rgIata5d56fe7MKoUsh41UgpZZd03KPuIBl8qDLaQOk0o/vprv/1/reg/0/playlist_type/DVR/initcwndbps/2752375/met/1790772993,/mh/x_/mm/44/mn/sn-ipoxu-umby/ms/lva/mv/m/mvi/2/pl/24/rms/lva,lva/dover/11/pacing/0/keepalive/yes/fexp/51565116,52112904,52184226,52227521/mt/1790772525/sparams/expire,ei,ip,id,itag,source,requiressl,ratebypass,live,sgoap,sgovp,rqh,xpc,playlist_duration,manifest_duration,bui,spc,vprv,reg,playlist_type/sig/AE0s2JYwRQIgIFcyx2dBw-UdO_DFj_rVzJaF8XOoGCYXZkJFyQtZIwYCIQC4uA0QboPdEIK93sgL7bxoOiiBPPo9SNbRq-gICj7hkA%3D%3D/lsparams/hls_chunk_host,initcwndbps,met,mh,mm,mn,ms,mv,mvi,pl,rms/lsig/APaTxxMwRAIgZX-8YvvgcwQ-hxetgL0_LfH5m3pDyo6sYj8FJQSYPIACIDHd63kt3VBWhUv2AcTTEwovIHRTVANHTQpF6ENcXep8/playlist/index.m3u8","false","","","","true","1080p","1080","0","0","200","","1552","segment HTTP 403"
"live","youtube音樂體育風景-092-the-k-pop-1","092 THE K-POP","youtube","","YouTube音樂體育風景","https://manifest.googlevideo.com/api/manifest/hls_playlist/expire/1790794647/ei/Nwe9apayGfSWvcAPtZLR2Aw/ip/114.42.217.108/id/JVocS7Yftw8.3/itag/96/source/yt_live_broadcast/requiressl/yes/ratebypass/yes/live/1/sgoap/gir%3Dyes%3Bitag%3D140/sgovp/gir%3Dyes%3Bitag%3D137/rqh/1/hls_chunk_host/rr1---sn-ipoxu-umby.googlevideo.com/xpc/EgVo2aDSNQ%3D%3D/playlist_duration/30/manifest_duration/30/bui/AWzQHwo3Q31xQ0dTW5JNpN60RfubdAaHbBOisW2kmtJ92lp6N51FM0xEhIrTp2PbNk4eZlEIDK0h3BLW/spc/I-rgIXC1lVeALYj6HWn6OBvQy_V28-wTH14tdMqpavlRv9Q/vprv/1/reg/0/playlist_type/DVR/initcwndbps/2752375/met/1790773047,/mh/wS/mm/44/mn/sn-ipoxu-umby/ms/lva/mv/m/mvi/1/pl/24/rms/lva,lva/dover/11/pacing/0/epbp/1/keepalive/yes/fexp/51565116,52112904,52184226,52227521,52250513/mt/1790772525/sparams/expire,ei,ip,id,itag,source,requiressl,ratebypass,live,sgoap,sgovp,rqh,xpc,playlist_duration,manifest_duration,bui,spc,vprv,reg,playlist_type/sig/AE0s2JYwRQIgPwCC4ZfmrDxOZapAHPM-jc-cu49s0WIk0kJbaI99bWsCIQD0nkfE28_exmbRq8fi8duzcX92NmP0loRv1FAGZr1ONg%3D%3D/lsparams/hls_chunk_host,initcwndbps,met,mh,mm,mn,ms,mv,mvi,pl,rms/lsig/APaTxxMwRgIhAKiEoTuXZ-KUi72HlESa-sp0eDim8kpFonTIcTGqTDe8AiEAttDV-HtM0ykwmezuOJc2zqctHOS6HcxTrH5Y6bYsY6E%3D/playlist/index.m3u8","false","","","","true","1080p","1080","0","0","200","","1433","segment HTTP 403"
"live","youtube音樂體育風景-093-lofi-girl-1","093 Lofi Girl","youtube","","YouTube音樂體育風景","https://manifest.googlevideo.com/api/manifest/hls_playlist/expire/1790794650/ei/Oge9auqQL5aNvcAPv4nU6QI/ip/114.42.217.108/id/qGohtGC5Rtk.2/itag/96/source/yt_live_broadcast/requiressl/yes/ratebypass/yes/live/1/sgoap/gir%3Dyes%3Bitag%3D140/sgovp/gir%3Dyes%3Bitag%3D137/rqh/1/hls_chunk_host/rr2---sn-ipoxu-umby.googlevideo.com/xpc/EgVo2aDSNQ%3D%3D/bui/AWzQHwqbWSvuUS9L0nF52bXpBaTG3K4VxtVdQokWkys2nKUhSqDodXtAf01gTFkiqaAsP3biU_mgZLwO/spc/I-rgIUL_yjgdEyaHwPiBaXhZ8yFP_m6tytDyH3RDqXsis07_mg/vprv/1/reg/0/playlist_type/DVR/initcwndbps/2752375/met/1790773050,/mh/eP/mm/44/mn/sn-ipoxu-umby/ms/lva/mv/m/mvi/2/pl/24/rms/lva,lva/dover/11/pacing/0/keepalive/yes/fexp/51565115,52112905,52184226/mt/1790772525/sparams/expire,ei,ip,id,itag,source,requiressl,ratebypass,live,sgoap,sgovp,rqh,xpc,bui,spc,vprv,reg,playlist_type/sig/AE0s2JYwRgIhAK_cqTXJMrpYtNSF7cQBI4gMLyGH1xNn3ujemazr8kbeAiEA7z_-30hjPUjqyS5lBgFzqoyfm3o5tjUaIze6Iyr82Q4%3D/lsparams/hls_chunk_host,initcwndbps,met,mh,mm,mn,ms,mv,mvi,pl,rms/lsig/APaTxxMwRAIgR5n2Y2hWv9Zt6vNLL3DOVk8gFU_mj4vnGJ5pawY7WQ0CIBb_BVQfDR7VlT4EXKEyf43HmGTM_Kms-rBq2DxlXf2f/playlist/index.m3u8","false","","","","true","1080p","1080","0","0","200","","1487","segment HTTP 403"
"live","youtube台灣節目-097-飢餓遊戲-1","097 飢餓遊戲","youtube","","YouTube台灣節目","https://manifest.googlevideo.com/api/manifest/hls_playlist/expire/1790794662/ei/Rge9ap7FC-HX1d8Pso70uAE/ip/114.42.217.108/id/6TsaEYaKueE.1/itag/96/source/yt_live_broadcast/requiressl/yes/ratebypass/yes/live/1/sgoap/gir%3Dyes%3Bitag%3D140/sgovp/gir%3Dyes%3Bitag%3D137/rqh/1/hls_chunk_host/rr2---sn-ipoxu-umby.googlevideo.com/xpc/EgVo2aDSNQ%3D%3D/bui/AWzQHwosnpqxcTRupK-Eig4cxPDt0NmEv0kpqQulRSgqvNqY1uvWf4csuk8bcLF4S3rT-7a2T0ERGJiE/spc/I-rgISopdLAYYLkOuGsV16XDff_E8xJsmv4ixeDlM0X05ZfeVg/vprv/1/reg/0/playlist_type/DVR/initcwndbps/2752375/met/1790773062,/mh/-7/mm/44/mn/sn-ipoxu-umby/ms/lva/mv/m/mvi/2/pl/24/rms/lva,lva/dover/11/pacing/0/keepalive/yes/fexp/51565115,52112905,52184227/mt/1790772525/sparams/expire,ei,ip,id,itag,source,requiressl,ratebypass,live,sgoap,sgovp,rqh,xpc,bui,spc,vprv,reg,playlist_type/sig/AE0s2JYwRQIgYA17rrAh9AUs5i9e1A9G717csC1c4P_8sOCIp9ATkskCIQDP5jMR2hwCPUQ6Lh8-4YPPDNkjChoASmswgD1mhiAwag%3D%3D/lsparams/hls_chunk_host,initcwndbps,met,mh,mm,mn,ms,mv,mvi,pl,rms/lsig/APaTxxMwRQIhAI5apR_sXZSxwCAJUVGabwn4rV0a9ICskhBbTMBvBkQCAiB9bWyWpur-JcXIaaHhPOOwVbBoHfYNxoIa0G8N1H_d-w%3D%3D/playlist/index.m3u8","false","","","","true","1080p","1080","0","0","200","","1711","segment HTTP 403"
"live","youtube電影劇集-120-filmrise-cheaters-劇集直播-1","120 FilmRise Cheaters 劇集直播","youtube","","YouTube電影劇集","https://manifest.googlevideo.com/api/manifest/hls_playlist/expire/1790794686/ei/XQe9atuEO-qCpt8PmvjyiQ0/ip/114.42.217.108/id/1z_V6alJa2U.2/itag/96/source/yt_live_broadcast/requiressl/yes/ratebypass/yes/live/1/sgoap/gir%3Dyes%3Bitag%3D140/sgovp/gir%3Dyes%3Bitag%3D137/rqh/1/hls_chunk_host/rr4---sn-ipoxu-umby.googlevideo.com/xpc/EgVo2aDSNQ%3D%3D/bui/AWzQHwrvRdlKPJlEFB-mIiHJ8guY5WVEBv-Mglw2mTgb3qzzj1P1mUaBC_oGGCo3PsDc5YPg5kCSu69B/spc/I-rgIZbOA8JW9TRvRcE9P9VQat4_TuByavR17QaQni328ZpSlA/vprv/1/reg/0/playlist_type/DVR/initcwndbps/2752375/met/1790773086,/mh/rd/mm/44/mn/sn-ipoxu-umby/ms/lva/mv/m/mvi/4/pcm2cms/yes/pl/24/rms/lva,lva/dover/11/pacing/0/keepalive/yes/fexp/51565116,52112905,52184227,52250512/mt/1790772525/sparams/expire,ei,ip,id,itag,source,requiressl,ratebypass,live,sgoap,sgovp,rqh,xpc,bui,spc,vprv,reg,playlist_type/sig/AE0s2JYwRQIhAL24zq-Ohqg5k3_GGIv5YugmnP6PezaxMerjJQiAs9-8AiB_119ke8LQ7A-5REGagFLCf-Tf2igT1HB1pqjm87Dajw%3D%3D/lsparams/hls_chunk_host,initcwndbps,met,mh,mm,mn,ms,mv,mvi,pcm2cms,pl,rms/lsig/APaTxxMwRQIhAP0si3rwaMvKx7oLdgwSjaBgBAfELfAp_jKnDrQOkkWJAiBSog4W4_JfdAAW4z-ZL_BRfdFHtaS2bqpw5bePhe0xuw%3D%3D/playlist/index.m3u8","false","","","","true","1080p","1080","0","0","200","","1620","segment HTTP 403"
"live","youtube電影劇集-121-filmrise-dick-van-dyke劇集直播-1","121 FilmRise Dick Van Dyke劇集直播","youtube","","YouTube電影劇集","https://manifest.googlevideo.com/api/manifest/hls_playlist/expire/1790794690/ei/Yge9atQjqJbV3w_-p-z4Cw/ip/114.42.217.108/id/Y0vqwbt0A0w.5/itag/95/source/yt_live_broadcast/requiressl/yes/ratebypass/yes/live/1/sgoap/gir%3Dyes%3Bitag%3D140/sgovp/gir%3Dyes%3Bitag%3D136/rqh/1/hls_chunk_host/rr2---sn-ipoxu-umbk.googlevideo.com/xpc/EgVo2aDSNQ%3D%3D/bui/AWzQHwqwpvOmQ5x630YQRvtDprE5PhwCCiQmqP46pGV4KexeJxdMni-oDy0dk3iSAefcGP10ZgzaX6eF/spc/I-rgIYQgJpEs3hjSiMcZS0_hrcNS1Aiag6mIn-83MGR8Rbg/vprv/1/reg/0/playlist_type/DVR/initcwndbps/2779875/met/1790773090,/mh/hl/mm/44/mn/sn-ipoxu-umbk/ms/lva/mv/m/mvi/2/pcm2cms/yes/pl/24/rms/lva,lva/dover/11/pacing/0/keepalive/yes/fexp/51565115,52112904,52184226/mt/1790772763/sparams/expire,ei,ip,id,itag,source,requiressl,ratebypass,live,sgoap,sgovp,rqh,xpc,bui,spc,vprv,reg,playlist_type/sig/AE0s2JYwRQIgMwZYQ8NX-B82tPnhISrk260DhhzxevyQahtDeG6fB_MCIQCjukjHuqsqI8gI2pSOw_rRgIktSOAkRAK1gnzfQw117Q%3D%3D/lsparams/hls_chunk_host,initcwndbps,met,mh,mm,mn,ms,mv,mvi,pcm2cms,pl,rms/lsig/APaTxxMwRQIhAKQR4CJe88C_vTi11XI0Rq7sLCifxccmjcbPsjJeK7xpAiBNfxfVNi9Gd4odUj08cSBS4rHJl2racEP_2Mq2nRPiYg%3D%3D/playlist/index.m3u8","false","","","","true","720p","720","0","0","200","","1621","segment HTTP 403"
"live","youtube電影劇集-122-filmrise-unsolved-mysteries直播-1","122 FilmRise Unsolved Mysteries直播","youtube","","YouTube電影劇集","https://manifest.googlevideo.com/api/manifest/hls_playlist/expire/1790794694/ei/Zge9ave5Dra22roPg5-M6Q4/ip/114.42.217.108/id/quxkJY6GYvY.6/itag/95/source/yt_live_broadcast/requiressl/yes/ratebypass/yes/live/1/sgoap/gir%3Dyes%3Bitag%3D140/sgovp/gir%3Dyes%3Bitag%3D136/rqh/1/hls_chunk_host/rr5---sn-ipoxu-umbk.googlevideo.com/xpc/EgVo2aDSNQ%3D%3D/playlist_duration/30/manifest_duration/30/bui/AWzQHwrXD5q1DRhzk5iwjWvzmIms8kqd2J0L2XFlSaYGf1JA_FZNjB4g1bKeW-bSAm-D9RKfDYrA8SWu/spc/I-rgIfggKAa8EBL8PWLfg_fomkXNf-spxqSOyI6ed5Ta_wc/vprv/1/reg/0/playlist_type/DVR/initcwndbps/2752375/met/1790773094,/mh/1Q/mm/44/mn/sn-ipoxu-umbk/ms/lva/mv/m/mvi/5/pl/24/rms/lva,lva/dover/11/pacing/0/epbp/1/keepalive/yes/fexp/51565116,52112904,52184227,52250512/mt/1790772525/sparams/expire,ei,ip,id,itag,source,requiressl,ratebypass,live,sgoap,sgovp,rqh,xpc,playlist_duration,manifest_duration,bui,spc,vprv,reg,playlist_type/sig/AE0s2JYwRQIhAJABPJCpCrF05Vpn5EvUwHPd6dtt7417xuhindgOm1AmAiAW9RJK9mddUVLkaYugApo8UTb-PKvX66ZSpoFK7PQ9tw%3D%3D/lsparams/hls_chunk_host,initcwndbps,met,mh,mm,mn,ms,mv,mvi,pl,rms/lsig/APaTxxMwRQIhAIbaGwk4el4p2nK6EvIZD_B_KOEwk_E5hEHFN7glO_rYAiAs3A5cBDYPvx9wXV7Xl1BVHbgh80EEPxwI4JQrVJrKyw%3D%3D/playlist/index.m3u8","false","","","","true","720p","720","0","0","200","","1508","segment HTTP 403"
"live","youtube電影劇集-123-filmrise-unsolved-mysteries全集-1","123 FilmRise Unsolved Mysteries全集","youtube","","YouTube電影劇集","https://manifest.googlevideo.com/api/manifest/hls_playlist/expire/1790794697/ei/aQe9av7qL6GCvcAP477bsAI/ip/114.42.217.108/id/5CDcgYH0Ot0.6/itag/95/source/yt_live_broadcast/requiressl/yes/ratebypass/yes/live/1/sgoap/gir%3Dyes%3Bitag%3D140/sgovp/gir%3Dyes%3Bitag%3D136/rqh/1/hls_chunk_host/rr1---sn-ipoxu-umbee.googlevideo.com/xpc/EgVo2aDSNQ%3D%3D/bui/AWzQHwqY0xXUlbsVJist6z-ZSy--MkVsrSHslqAG2MiW0h6o5Qb8XIc7QZgZ8s1qp21nf4Yfcd5RLFjh/spc/I-rgIdAMVcMEkDpx0MFjSiSJ4JRIdfdEq7K5S1Gb2CcYn-kC0A/vprv/1/reg/0/playlist_type/DVR/initcwndbps/2779875/met/1790773097,/mh/qj/mm/44/mn/sn-ipoxu-umbee/ms/lva/mv/m/mvi/1/pl/24/rms/lva,lva/dover/11/pacing/0/keepalive/yes/fexp/51565116,52112905,52184227/mt/1790772763/sparams/expire,ei,ip,id,itag,source,requiressl,ratebypass,live,sgoap,sgovp,rqh,xpc,bui,spc,vprv,reg,playlist_type/sig/AE0s2JYwRgIhANBjTnRP4ncQuDeMAMD7johhbVKcHL9NbR6WDW6ItCfOAiEA_thIYbM4lngoWTctoRt0ELXMtJWFzEY3brxSwhAjprI%3D/lsparams/hls_chunk_host,initcwndbps,met,mh,mm,mn,ms,mv,mvi,pl,rms/lsig/APaTxxMwRAIgfCrFmV8hT7siRBAghv0V0UaKPOw3mzIn51Ixb9F0kloCIGcKRGu6vxVc2WtCWsPoIWM1ycOzYYpOm9uuzlwgVyCW/playlist/index.m3u8","false","","","","true","720p","720","0","0","200","","1406","segment HTTP 403"
"live","youtube電影劇集-124-filmrise-cheaters全集-1","124 FilmRise Cheaters全集","youtube","","YouTube電影劇集","https://manifest.googlevideo.com/api/manifest/hls_playlist/expire/1790794701/ei/bQe9arXZMOOsvcAPzM_OwAQ/ip/114.42.217.108/id/4oqyCiX-93Q.9/itag/95/source/yt_live_broadcast/requiressl/yes/ratebypass/yes/live/1/sgoap/gir%3Dyes%3Bitag%3D140/sgovp/gir%3Dyes%3Bitag%3D136/rqh/1/hls_chunk_host/rr3---sn-ipoxu-umbk.googlevideo.com/xpc/EgVo2aDSNQ%3D%3D/bui/AWzQHwqu45XvO2rRA5_OOPHv8WxCrSsmfFJa_Wpmeebimstt3upHVKf3kqHvmeo0Ch8Jno5fKLig_q5I/spc/I-rgIQYGLbheUmhAk_PKdAtslqFHqmSYIkVj_6ohSmyaO2L3wg/vprv/1/reg/0/playlist_type/DVR/initcwndbps/2779875/met/1790773101,/mh/lv/mm/44/mn/sn-ipoxu-umbk/ms/lva/mv/m/mvi/3/pl/24/rms/lva,lva/dover/11/pacing/0/keepalive/yes/fexp/51565116,52112905,52184227/mt/1790772763/sparams/expire,ei,ip,id,itag,source,requiressl,ratebypass,live,sgoap,sgovp,rqh,xpc,bui,spc,vprv,reg,playlist_type/sig/AE0s2JYwRgIhANP-7iA9fclj_QxgpHHkjYHCZQpNc3mFyK2fVxwvgf3CAiEAv_0iEb4PP4oBLu2FS73RReAHS7i92elga7K6PwPjazM%3D/lsparams/hls_chunk_host,initcwndbps,met,mh,mm,mn,ms,mv,mvi,pl,rms/lsig/APaTxxMwRgIhAIKaAAWhXJdwYolGMEU5F3wLAqbtT2xa_7RL80E8ScepAiEApqotJpJCAqVTBu1fY-3ikETVeg-8hyzdtQiPFd6eslE%3D/playlist/index.m3u8","false","","","","true","720p","720","0","0","200","","1590","segment HTTP 403"
"live","youtube新聞台-002-寰宇新聞台-web","002 寰宇新聞台","youtube","","YouTube新聞台","https://www.youtube.com/watch?v=Ej3LQM_lTEw","true","","","","true","text/html; charset=utf-8","0","0","0","200","","144",""
"live","youtube新聞台-004-運通財經台-web","004 運通財經台","youtube","","YouTube新聞台","https://www.youtube.com/watch?v=dlTbFSt2spc","true","","","","true","text/html; charset=utf-8","0","0","0","200","","108",""
"live","youtube新聞台-007-台視新聞台-web","007 台視新聞台","youtube","","YouTube新聞台","https://www.youtube.com/watch?v=sNtCBxP-8LY","true","","","","true","text/html; charset=utf-8","0","0","0","200","","95",""
"live","youtube新聞台-008-三立新聞台-web","008 三立新聞台","youtube","","YouTube新聞台","https://www.youtube.com/watch?v=QsGswQvRmtU","true","","","","true","text/html; charset=utf-8","0","0","0","200","","82",""
"live","youtube新聞台-011-鳳凰衛視資訊台-web","011 鳳凰衛視資訊台","youtube","","YouTube新聞台","https://www.youtube.com/watch?v=fN9uYWCjQaw","true","","","","true","text/html; charset=utf-8","0","0","0","200","","94",""
"live","youtube新聞台-014-tvbs-news-web","014 TVBS NEWS","youtube","","YouTube新聞台","https://www.youtube.com/watch?v=jMGAopbbmEE","true","","","","true","text/html; charset=utf-8","0","0","0","200","","88",""
"live","youtube新聞台-015-tvbs選新聞-web","015 TVBS選新聞","youtube","","YouTube新聞台","https://www.youtube.com/watch?v=72d-gkakiek","true","","","","true","text/html; charset=utf-8","0","0","0","200","","106",""
"live","youtube新聞台-017-倪珍24小時播新聞-web","017 倪珍24小時播新聞","youtube","","YouTube新聞台","https://www.youtube.com/watch?v=RRybv1kEnCU","true","","","","true","text/html; charset=utf-8","0","0","0","200","","101",""
"live","youtube新聞台-020-華視公眾安全資訊觀測站-web","020 華視公眾安全資訊觀測站","youtube","","YouTube新聞台","https://www.youtube.com/watch?v=meHTKm4XBS8","true","","","","true","text/html; charset=utf-8","0","0","0","200","","79",""
"live","youtube購物台-026-momo購物一台-web","026 momo購物一台","youtube","","YouTube購物台","https://www.youtube.com/watch?v=_pZQ1Lk0xMA","true","","","","true","text/html; charset=utf-8","0","0","0","200","","82",""
"live","youtube購物台-030-東森購物台ch47-web","030 東森購物台CH47","youtube","","YouTube購物台","https://www.youtube.com/watch?v=vZHktiRowRg","true","","","","true","text/html; charset=utf-8","0","0","0","200","","87",""
"live","youtube購物台-032-美好購物1台-web","032 美好購物1台","youtube","","YouTube購物台","https://www.youtube.com/watch?v=8TBJDKRcg6c","true","","","","true","text/html; charset=utf-8","0","0","0","200","","92",""
"live","youtube綜合娛樂-034-信大電視台-web","034 信大電視台","youtube","","YouTube綜合娛樂","https://www.youtube.com/watch?v=3MakY86sYn8","true","","","","true","text/html; charset=utf-8","0","0","0","200","","87",""
"live","youtube綜合娛樂-035-中天亞洲台-web","035 中天亞洲台","youtube","","YouTube綜合娛樂","https://www.youtube.com/watch?v=fdHutVy5SUM","true","","","","true","text/html; charset=utf-8","0","0","0","200","","90",""
"live","youtube綜合娛樂-038-中天2台-web","038 中天2台","youtube","","YouTube綜合娛樂","https://www.youtube.com/watch?v=6LNCDdQpv-w","true","","","","true","text/html; charset=utf-8","0","0","0","200","","93",""
"live","youtube綜合娛樂-039-大陸尋奇-web","039 大陸尋奇","youtube","","YouTube綜合娛樂","https://www.youtube.com/watch?v=Kc5OXLZ9NEw","true","","","","true","text/html; charset=utf-8","0","0","0","200","","86",""
"live","youtube綜合娛樂-041-gtv-drama-八大劇樂部-web","041 GTV DRAMA 八大劇樂部","youtube","","YouTube綜合娛樂","https://www.youtube.com/watch?v=6UQA6Qp0Bks","true","","","","true","text/html; charset=utf-8","0","0","0","200","","85",""
"live","youtube綜合娛樂-045-8world-web","045 8world","youtube","","YouTube綜合娛樂","https://www.youtube.com/watch?v=RvSOIM620bA","true","","","","true","text/html; charset=utf-8","0","0","0","200","","86",""
"live","youtube國際新聞-048-abc-news-web","048 ABC News","youtube","","YouTube國際新聞","https://www.youtube.com/watch?v=IkKbZ_TC9Tc","true","","","","true","text/html; charset=utf-8","0","0","0","200","","92",""
"live","youtube國際新聞-051-gb-news-web","051 GB News","youtube","","YouTube國際新聞","https://www.youtube.com/watch?v=grQjlyyQsn4","true","","","","true","text/html; charset=utf-8","0","0","0","200","","90",""
"live","youtube國際新聞-052-sky-news-web","052 Sky News","youtube","","YouTube國際新聞","https://www.youtube.com/watch?v=paEJskVBz_M","true","","","","true","text/html; charset=utf-8","0","0","0","200","","109",""
"live","youtube國際新聞-055-nbc-news-web","055 NBC News","youtube","","YouTube國際新聞","https://www.youtube.com/watch?v=fDYFTkFJtdM","true","","","","true","text/html; charset=utf-8","0","0","0","200","","79",""
"live","youtube國際新聞-057-crux-web","057 CRUX","youtube","","YouTube國際新聞","https://www.youtube.com/watch?v=LLWrwAKROfY","true","","","","true","text/html; charset=utf-8","0","0","0","200","","80",""
"live","youtube國際新聞-058-livenow-from-fox-web","058 LiveNOW from FOX","youtube","","YouTube國際新聞","https://www.youtube.com/watch?v=9fTzGUvzjQw","true","","","","true","text/html; charset=utf-8","0","0","0","200","","99",""
"live","youtube國際新聞-059-tv5-news-web","059 TV5 News","youtube","","YouTube國際新聞","https://www.youtube.com/watch?v=EMNH8Gg8BzM","true","","","","true","text/html; charset=utf-8","0","0","0","200","","85",""
"live","youtube國際新聞-060-taiwanplus-web","060 TaiwanPlus","youtube","","YouTube國際新聞","https://www.youtube.com/watch?v=Vrs-AeKZIEg","true","","","","true","text/html; charset=utf-8","0","0","0","200","","90",""
"live","youtube亞洲新聞-061-malaimurasu-tv-24x7-web","061 Malaimurasu Tv 24X7","youtube","","YouTube亞洲新聞","https://www.youtube.com/watch?v=vpZ5af6irzA","true","","","","true","text/html; charset=utf-8","0","0","0","200","","71",""
"live","youtube亞洲新聞-063-japanews24-web","063 JapaNews24","youtube","","YouTube亞洲新聞","https://www.youtube.com/watch?v=D1uFPfCvtRI","true","","","","true","text/html; charset=utf-8","0","0","0","200","","89",""
"live","youtube亞洲新聞-065-india-today-web","065 India Today","youtube","","YouTube亞洲新聞","https://www.youtube.com/watch?v=Y9lhb97xlhY","true","","","","true","text/html; charset=utf-8","0","0","0","200","","70",""
"live","youtube亞洲新聞-066-news18-india-web","066 News18 India","youtube","","YouTube亞洲新聞","https://www.youtube.com/watch?v=o6OP0iB5zvE","true","","","","true","text/html; charset=utf-8","0","0","0","200","","84",""
"live","youtube亞洲新聞-068-tbs-news-web","068 TBS NEWS","youtube","","YouTube亞洲新聞","https://www.youtube.com/watch?v=d8Rm7OKE9mA","true","","","","true","text/html; charset=utf-8","0","0","0","200","","81",""
"live","youtube亞洲新聞-069-newstamil24x7-web","069 NewsTamil24x7","youtube","","YouTube亞洲新聞","https://www.youtube.com/watch?v=hGs-nKaNc88","true","","","","true","text/html; charset=utf-8","0","0","0","200","","98",""
"live","youtube亞洲新聞-071-arirang-tv-web","071 Arirang TV","youtube","","YouTube亞洲新聞","https://www.youtube.com/watch?v=CJVBX7KI5nU","true","","","","true","text/html; charset=utf-8","0","0","0","200","","98",""
"live","youtube亞洲新聞-073-kbs-news-web","073 KBS News","youtube","","YouTube亞洲新聞","https://www.youtube.com/watch?v=p5W8X3vziJ8","true","","","","true","text/html; charset=utf-8","0","0","0","200","","82",""
"live","youtube亞洲新聞-074-abcテレビニュース-web","074 ABCテレビニュース","youtube","","YouTube亞洲新聞","https://www.youtube.com/watch?v=XGSEjlkjK8o","true","","","","true","text/html; charset=utf-8","0","0","0","200","","82",""
"live","youtube亞洲新聞-075-times-now-web","075 TIMES NOW","youtube","","YouTube亞洲新聞","https://www.youtube.com/watch?v=6lrvdOedqgk","true","","","","true","text/html; charset=utf-8","0","0","0","200","","82",""
"live","youtube兒童動畫-076-123-go-live-web","076 123 GO! Live","youtube","","YouTube兒童動畫","https://www.youtube.com/watch?v=8FHerid3vag","true","","","","true","text/html; charset=utf-8","0","0","0","200","","87",""
"live","youtube兒童動畫-077-muse木棉花-闔家歡-web","077 Muse木棉花-闔家歡","youtube","","YouTube兒童動畫","https://www.youtube.com/watch?v=Lh6xiMlkRrg","true","","","","true","text/html; charset=utf-8","0","0","0","200","","109",""
"live","youtube兒童動畫-078-yoyo-tv-web","078 YOYO TV","youtube","","YouTube兒童動畫","https://www.youtube.com/watch?v=KbG88GiZmBI","true","","","","true","text/html; charset=utf-8","0","0","0","200","","102",""
"live","youtube兒童動畫-079-小猪佩奇-web","079 小猪佩奇","youtube","","YouTube兒童動畫","https://www.youtube.com/watch?v=MxK0SaEVQFs","true","","","","true","text/html; charset=utf-8","0","0","0","200","","78",""
"live","youtube兒童動畫-080-talking-tom-web","080 Talking Tom","youtube","","YouTube兒童動畫","https://www.youtube.com/watch?v=2wqCOO4gAUs","true","","","","true","text/html; charset=utf-8","0","0","0","200","","68",""
"live","youtube兒童動畫-081-talkingfriendstvmini-web","081 TalkingFriendsTVMini","youtube","","YouTube兒童動畫","https://www.youtube.com/watch?v=FxmuSm_wgng","true","","","","true","text/html; charset=utf-8","0","0","0","200","","80",""
"live","youtube兒童動畫-082-dave-and-ava-web","082 Dave and Ava","youtube","","YouTube兒童動畫","https://www.youtube.com/watch?v=NU-7Xmj514E","true","","","","true","text/html; charset=utf-8","0","0","0","200","","81",""
"live","youtube兒童動畫-083-tayo-the-little-bus-web","083 Tayo the Little Bus","youtube","","YouTube兒童動畫","https://www.youtube.com/watch?v=wgFPP9dRO-w","true","","","","true","text/html; charset=utf-8","0","0","0","200","","81",""
"live","youtube兒童動畫-084-disney-junio-web","084 Disney Junio","youtube","","YouTube兒童動畫","https://www.youtube.com/watch?v=k7iNXiw1zL4","true","","","","true","text/html; charset=utf-8","0","0","0","200","","78",""
"live","youtube文化紀實-085-tokyo-walk-web","085 Tokyo Walk","youtube","","YouTube文化紀實","https://www.youtube.com/watch?v=pcPhqxOUv8A","true","","","","true","text/html; charset=utf-8","0","0","0","200","","80",""
"live","youtube文化紀實-086-大愛一臺hd-web","086 大愛一臺HD","youtube","","YouTube文化紀實","https://www.youtube.com/watch?v=pM-1ytfQhos","true","","","","true","text/html; charset=utf-8","0","0","0","200","","85",""
"live","youtube文化紀實-087-mit台灣誌-web","087 MIT台灣誌","youtube","","YouTube文化紀實","https://www.youtube.com/watch?v=DxvKbRgUXc8","true","","","","true","text/html; charset=utf-8","0","0","0","200","","77",""
"live","youtube文化紀實-088-大愛二臺hd-web","088 大愛二臺HD","youtube","","YouTube文化紀實","https://www.youtube.com/watch?v=QDxRJP-wfeI","true","","","","true","text/html; charset=utf-8","0","0","0","200","","71",""
"live","youtube文化紀實-089-國會頻道1-web","089 國會頻道１","youtube","","YouTube文化紀實","https://www.youtube.com/watch?v=UQnVkK1kcDI","true","","","","true","text/html; charset=utf-8","0","0","0","200","","82",""
"live","youtube文化紀實-091-佛光山人間衛視-web","091 佛光山人間衛視","youtube","","YouTube文化紀實","https://www.youtube.com/watch?v=kyjN8rvSnio","true","","","","true","text/html; charset=utf-8","0","0","0","200","","71",""
"live","youtube音樂體育風景-094-earthtv-web","094 earthTV","youtube","","YouTube音樂體育風景","https://www.youtube.com/watch?v=r1K7DyQn3jg","true","","","","true","text/html; charset=utf-8","0","0","0","200","","83",""
"live","youtube音樂體育風景-095-best-of-mlb-web","095 Best of MLB","youtube","","YouTube音樂體育風景","https://www.youtube.com/watch?v=wKiClrFLjZs","true","","","","true","text/html; charset=utf-8","0","0","0","200","","73",""
"live","youtube韓綜娛樂-096-sbs-running-man-web","096 SBS Running Man","youtube","","YouTube韓綜娛樂","https://www.youtube.com/watch?v=lDcWeklf6DI","true","","","","true","text/html; charset=utf-8","0","0","0","200","","65",""
"live","youtube互動娛樂-098-inquizex-web","098 InquizeX","youtube","","YouTube互動娛樂","https://www.youtube.com/watch?v=Sa0UpjTdJT4","true","","","","true","text/html; charset=utf-8","0","0","0","200","","88",""
"live","youtube動漫台-099-anileap-動漫歌曲24小時-web","099 Anileap 動漫歌曲24小時","youtube","","YouTube動漫台","https://www.youtube.com/watch?v=4FBW3mkdKOs","true","","","","true","text/html; charset=utf-8","0","0","0","200","","73",""
"live","youtube動漫台-101-muse-葬送的芙莉蓮馬拉松-web","101 Muse 葬送的芙莉蓮馬拉松","youtube","","YouTube動漫台","https://www.youtube.com/watch?v=PxAQgmdBgug","true","","","","true","text/html; charset=utf-8","0","0","0","200","","82",""
"live","youtube動漫台-102-muse-異世界流浪美食家馬拉松-web","102 Muse 異世界流浪美食家馬拉松","youtube","","YouTube動漫台","https://www.youtube.com/watch?v=fK1M3oM7ZPQ","true","","","","true","text/html; charset=utf-8","0","0","0","200","","85",""
"live","youtube動漫台-103-muse-獵人馬拉松-web","103 Muse 獵人馬拉松","youtube","","YouTube動漫台","https://www.youtube.com/watch?v=YrUJXdCamNs","true","","","","true","text/html; charset=utf-8","0","0","0","200","","71",""
"live","youtube動漫台-105-muse-中華一番馬拉松-web","105 Muse 中華一番馬拉松","youtube","","YouTube動漫台","https://www.youtube.com/watch?v=mRCXonM5ru8","true","","","","true","text/html; charset=utf-8","0","0","0","200","","85",""
"live","youtube動漫台-106-muse-我們這一家馬拉松-web","106 Muse 我們這一家馬拉松","youtube","","YouTube動漫台","https://www.youtube.com/watch?v=e1gbvCkwxFE","true","","","","true","text/html; charset=utf-8","0","0","0","200","","89",""
"live","youtube動漫台-107-muse-新哆啦a夢馬拉松-web","107 Muse 新哆啦A夢馬拉松","youtube","","YouTube動漫台","https://www.youtube.com/watch?v=gnDok9gtopw","true","","","","true","text/html; charset=utf-8","0","0","0","200","","97",""
"live","youtube動漫台-108-muse-蠟筆小新馬拉松-web","108 Muse 蠟筆小新馬拉松","youtube","","YouTube動漫台","https://www.youtube.com/watch?v=ENnjj7jQ23g","true","","","","true","text/html; charset=utf-8","0","0","0","200","","88",""
"live","youtube電影劇集-125-shout-mst3k-電影劇場-web","125 Shout MST3K 電影劇場","youtube","","YouTube電影劇集","https://www.youtube.com/watch?v=DcXiauXqrPM","true","","","","true","text/html; charset=utf-8","0","0","0","200","","77",""
